timestamp,channel_1,counter
"2024-10-28T09:11:56.495Z",521,137
"2024-10-28T09:11:56.495Z",487,138
"2024-10-28T09:11:56.495Z",523,139
"2024-10-28T09:11:56.495Z",500,140
"2024-10-28T09:11:56.495Z",505,141
"2024-10-28T09:11:56.495Z",512,142
"2024-10-28T09:11:56.495Z",500,143
"2024-10-28T09:11:56.495Z",528,144
"2024-10-28T09:11:56.495Z",493,145
"2024-10-28T09:11:56.495Z",522,146
"2024-10-28T09:11:56.495Z",503,147
"2024-10-28T09:11:56.496Z",509,148
"2024-10-28T09:11:56.496Z",518,149
"2024-10-28T09:11:56.496Z",513,150
"2024-10-28T09:11:56.496Z",493,151
"2024-10-28T09:11:56.496Z",520,152
"2024-10-28T09:11:56.496Z",511,153
"2024-10-28T09:11:56.496Z",540,154
"2024-10-28T09:11:56.496Z",524,155
"2024-10-28T09:11:56.496Z",533,156
"2024-10-28T09:11:56.496Z",516,157
"2024-10-28T09:11:56.496Z",514,158
"2024-10-28T09:11:56.496Z",516,159
"2024-10-28T09:11:56.496Z",508,160
"2024-10-28T09:11:56.496Z",508,161
"2024-10-28T09:11:56.496Z",513,162
"2024-10-28T09:11:56.496Z",494,163
"2024-10-28T09:11:56.496Z",520,164
"2024-10-28T09:11:56.496Z",491,165
"2024-10-28T09:11:56.496Z",505,166
"2024-10-28T09:11:56.496Z",520,167
"2024-10-28T09:11:56.496Z",499,168
"2024-10-28T09:11:56.496Z",496,169
"2024-10-28T09:11:56.496Z",526,170
"2024-10-28T09:11:56.496Z",507,171
"2024-10-28T09:11:56.496Z",512,172
"2024-10-28T09:11:56.496Z",511,173
"2024-10-28T09:11:56.496Z",508,174
"2024-10-28T09:11:56.496Z",503,175
"2024-10-28T09:11:56.496Z",517,176
"2024-10-28T09:11:56.496Z",524,177
"2024-10-28T09:11:56.496Z",504,178
"2024-10-28T09:11:56.496Z",515,179
"2024-10-28T09:11:56.496Z",510,180
"2024-10-28T09:11:56.496Z",500,181
"2024-10-28T09:11:56.496Z",519,182
"2024-10-28T09:11:56.497Z",489,183
"2024-10-28T09:11:56.497Z",490,184
"2024-10-28T09:11:56.497Z",499,185
"2024-10-28T09:11:56.497Z",496,186
"2024-10-28T09:11:56.497Z",484,187
"2024-10-28T09:11:56.497Z",475,188
"2024-10-28T09:11:56.497Z",506,189
"2024-10-28T09:11:56.497Z",526,190
"2024-10-28T09:11:56.497Z",503,191
"2024-10-28T09:11:56.497Z",521,192
"2024-10-28T09:11:56.497Z",501,193
"2024-10-28T09:11:56.497Z",528,194
"2024-10-28T09:11:56.497Z",514,195
"2024-10-28T09:11:56.497Z",528,196
"2024-10-28T09:11:56.497Z",526,197
"2024-10-28T09:11:56.497Z",518,198
"2024-10-28T09:11:56.497Z",507,199
"2024-10-28T09:11:56.497Z",492,200
"2024-10-28T09:11:56.497Z",512,201
"2024-10-28T09:11:56.497Z",513,202
"2024-10-28T09:11:56.497Z",506,203
"2024-10-28T09:11:56.497Z",524,204
"2024-10-28T09:11:56.497Z",521,205
"2024-10-28T09:11:56.497Z",518,206
"2024-10-28T09:11:56.497Z",506,207
"2024-10-28T09:11:56.497Z",511,208
"2024-10-28T09:11:56.497Z",514,209
"2024-10-28T09:11:56.497Z",522,210
"2024-10-28T09:11:56.497Z",530,211
"2024-10-28T09:11:56.497Z",524,212
"2024-10-28T09:11:56.497Z",513,213
"2024-10-28T09:11:56.497Z",503,214
"2024-10-28T09:11:56.497Z",519,215
"2024-10-28T09:11:56.497Z",534,216
"2024-10-28T09:11:56.497Z",507,217
"2024-10-28T09:11:56.497Z",500,218
"2024-10-28T09:11:56.497Z",508,219
"2024-10-28T09:11:56.497Z",504,220
"2024-10-28T09:11:56.497Z",529,221
"2024-10-28T09:11:56.497Z",513,222
"2024-10-28T09:11:56.497Z",501,223
"2024-10-28T09:11:56.497Z",545,224
"2024-10-28T09:11:56.497Z",574,225
"2024-10-28T09:11:56.497Z",560,226
"2024-10-28T09:11:56.497Z",569,227
"2024-10-28T09:11:56.497Z",587,228
"2024-10-28T09:11:56.497Z",563,229
"2024-10-28T09:11:56.497Z",589,230
"2024-10-28T09:11:56.497Z",573,231
"2024-10-28T09:11:56.497Z",557,232
"2024-10-28T09:11:56.497Z",559,233
"2024-10-28T09:11:56.497Z",548,234
"2024-10-28T09:11:56.498Z",544,235
"2024-10-28T09:11:56.498Z",537,236
"2024-10-28T09:11:56.498Z",535,237
"2024-10-28T09:11:56.498Z",530,238
"2024-10-28T09:11:56.498Z",542,239
"2024-10-28T09:11:56.498Z",519,240
"2024-10-28T09:11:56.498Z",533,241
"2024-10-28T09:11:56.498Z",533,242
"2024-10-28T09:11:56.498Z",513,243
"2024-10-28T09:11:56.498Z",510,244
"2024-10-28T09:11:56.498Z",509,245
"2024-10-28T09:11:56.498Z",522,246
"2024-10-28T09:11:56.498Z",537,247
"2024-10-28T09:11:56.498Z",525,248
"2024-10-28T09:11:56.498Z",510,249
"2024-10-28T09:11:56.498Z",514,250
"2024-10-28T09:11:56.498Z",516,251
"2024-10-28T09:11:56.498Z",529,252
"2024-10-28T09:11:56.498Z",508,253
"2024-10-28T09:11:56.498Z",501,254
"2024-10-28T09:11:56.498Z",505,255
"2024-10-28T09:11:56.498Z",501,
"2024-10-28T09:11:56.498Z",514,1
"2024-10-28T09:11:56.498Z",518,2
"2024-10-28T09:11:56.498Z",507,3
"2024-10-28T09:11:56.498Z",525,4
"2024-10-28T09:11:56.498Z",524,5
"2024-10-28T09:11:56.498Z",514,6
"2024-10-28T09:11:56.498Z",516,7
"2024-10-28T09:11:56.498Z",506,8
"2024-10-28T09:11:56.498Z",510,9
"2024-10-28T09:11:56.498Z",505,10
"2024-10-28T09:11:56.498Z",516,11
"2024-10-28T09:11:56.498Z",507,12
"2024-10-28T09:11:56.498Z",507,13
"2024-10-28T09:11:56.498Z",505,14
"2024-10-28T09:11:56.499Z",522,15
"2024-10-28T09:11:56.499Z",515,16
"2024-10-28T09:11:56.499Z",500,17
"2024-10-28T09:11:56.499Z",514,18
"2024-10-28T09:11:56.499Z",498,19
"2024-10-28T09:11:56.499Z",517,20
"2024-10-28T09:11:56.499Z",505,21
"2024-10-28T09:11:56.499Z",511,22
"2024-10-28T09:11:56.499Z",515,23
"2024-10-28T09:11:56.499Z",522,24
"2024-10-28T09:11:56.499Z",514,25
"2024-10-28T09:11:56.499Z",526,26
"2024-10-28T09:11:56.499Z",504,27
"2024-10-28T09:11:56.499Z",507,28
"2024-10-28T09:11:56.499Z",499,29
"2024-10-28T09:11:56.499Z",508,30
"2024-10-28T09:11:56.499Z",529,31
"2024-10-28T09:11:56.499Z",506,32
"2024-10-28T09:11:56.499Z",512,33
"2024-10-28T09:11:56.499Z",521,34
"2024-10-28T09:11:56.499Z",525,35
"2024-10-28T09:11:56.499Z",511,36
"2024-10-28T09:11:56.499Z",522,37
"2024-10-28T09:11:56.499Z",541,38
"2024-10-28T09:11:56.499Z",520,39
"2024-10-28T09:11:56.499Z",521,40
"2024-10-28T09:11:56.499Z",518,41
"2024-10-28T09:11:56.499Z",515,42
"2024-10-28T09:11:56.499Z",505,43
"2024-10-28T09:11:56.499Z",511,44
"2024-10-28T09:11:56.499Z",526,45
"2024-10-28T09:11:56.499Z",527,46
"2024-10-28T09:11:56.499Z",493,47
"2024-10-28T09:11:56.499Z",514,48
"2024-10-28T09:11:56.499Z",478,49
"2024-10-28T09:11:56.499Z",515,50
"2024-10-28T09:11:56.499Z",533,51
"2024-10-28T09:11:56.499Z",504,52
"2024-10-28T09:11:56.500Z",516,53
"2024-10-28T09:11:56.500Z",522,54
"2024-10-28T09:11:56.500Z",520,55
"2024-10-28T09:11:56.500Z",500,56
"2024-10-28T09:11:56.500Z",529,57
"2024-10-28T09:11:56.500Z",505,58
"2024-10-28T09:11:56.500Z",514,59
"2024-10-28T09:11:56.500Z",517,60
"2024-10-28T09:11:56.500Z",500,61
"2024-10-28T09:11:56.500Z",504,62
"2024-10-28T09:11:56.500Z",525,63
"2024-10-28T09:11:56.500Z",501,64
"2024-10-28T09:11:56.500Z",522,65
"2024-10-28T09:11:56.500Z",528,66
"2024-10-28T09:11:56.500Z",506,67
"2024-10-28T09:11:56.500Z",500,68
"2024-10-28T09:11:56.500Z",500,69
"2024-10-28T09:11:56.500Z",498,70
"2024-10-28T09:11:56.500Z",494,71
"2024-10-28T09:11:56.500Z",516,72
"2024-10-28T09:11:56.500Z",507,73
"2024-10-28T09:11:56.500Z",494,74
"2024-10-28T09:11:56.500Z",480,75
"2024-10-28T09:11:56.500Z",532,76
"2024-10-28T09:11:56.500Z",523,77
"2024-10-28T09:11:56.500Z",513,78
"2024-10-28T09:11:56.500Z",508,79
"2024-10-28T09:11:56.500Z",519,80
"2024-10-28T09:11:56.500Z",519,81
"2024-10-28T09:11:56.500Z",487,82
"2024-10-28T09:11:56.500Z",514,83
"2024-10-28T09:11:56.500Z",524,84
"2024-10-28T09:11:56.500Z",519,85
"2024-10-28T09:11:56.500Z",514,86
"2024-10-28T09:11:56.500Z",506,87
"2024-10-28T09:11:56.500Z",515,88
"2024-10-28T09:11:56.500Z",508,89
"2024-10-28T09:11:56.500Z",516,90
"2024-10-28T09:11:56.500Z",518,91
"2024-10-28T09:11:56.500Z",497,92
"2024-10-28T09:11:56.501Z",529,93
"2024-10-28T09:11:56.501Z",520,94
"2024-10-28T09:11:56.501Z",517,95
"2024-10-28T09:11:56.501Z",521,96
"2024-10-28T09:11:56.501Z",519,97
"2024-10-28T09:11:56.501Z",499,98
"2024-10-28T09:11:56.501Z",501,99
"2024-10-28T09:11:56.501Z",514,100
"2024-10-28T09:11:56.501Z",519,101
"2024-10-28T09:11:56.501Z",498,102
"2024-10-28T09:11:56.501Z",516,103
"2024-10-28T09:11:56.501Z",515,104
"2024-10-28T09:11:56.501Z",494,105
"2024-10-28T09:11:56.501Z",511,106
"2024-10-28T09:11:56.501Z",498,107
"2024-10-28T09:11:56.501Z",508,108
"2024-10-28T09:11:56.501Z",520,109
"2024-10-28T09:11:56.501Z",520,110
"2024-10-28T09:11:56.501Z",518,111
"2024-10-28T09:11:56.501Z",516,112
"2024-10-28T09:11:56.501Z",514,113
"2024-10-28T09:11:56.501Z",507,114
"2024-10-28T09:11:56.501Z",512,115
"2024-10-28T09:11:56.501Z",533,116
"2024-10-28T09:11:56.501Z",524,117
"2024-10-28T09:11:56.501Z",504,118
"2024-10-28T09:11:56.501Z",514,119
"2024-10-28T09:11:56.501Z",499,120
"2024-10-28T09:11:56.501Z",515,121
"2024-10-28T09:11:56.501Z",506,122
"2024-10-28T09:11:56.501Z",510,123
"2024-10-28T09:11:56.501Z",498,124
"2024-10-28T09:11:56.501Z",516,125
"2024-10-28T09:11:56.501Z",527,126
"2024-10-28T09:11:56.501Z",532,127
"2024-10-28T09:11:56.501Z",505,128
"2024-10-28T09:11:56.501Z",514,129
"2024-10-28T09:11:56.501Z",520,130
"2024-10-28T09:11:56.501Z",503,131
"2024-10-28T09:11:56.501Z",464,132
"2024-10-28T09:11:56.501Z",457,133
"2024-10-28T09:11:56.502Z",458,134
"2024-10-28T09:11:56.502Z",462,135
"2024-10-28T09:11:56.502Z",454,136
"2024-10-28T09:11:57.494Z",444,137
"2024-10-28T09:11:57.494Z",441,138
"2024-10-28T09:11:57.494Z",435,139
"2024-10-28T09:11:57.494Z",416,140
"2024-10-28T09:11:57.494Z",425,141
"2024-10-28T09:11:57.494Z",413,142
"2024-10-28T09:11:57.494Z",407,143
"2024-10-28T09:11:57.494Z",422,144
"2024-10-28T09:11:57.494Z",398,145
"2024-10-28T09:11:57.494Z",408,146
"2024-10-28T09:11:57.494Z",393,147
"2024-10-28T09:11:57.494Z",392,148
"2024-10-28T09:11:57.494Z",396,149
"2024-10-28T09:11:57.494Z",378,150
"2024-10-28T09:11:57.494Z",385,151
"2024-10-28T09:11:57.494Z",390,152
"2024-10-28T09:11:57.494Z",388,153
"2024-10-28T09:11:57.494Z",372,154
"2024-10-28T09:11:57.494Z",377,155
"2024-10-28T09:11:57.494Z",381,156
"2024-10-28T09:11:57.495Z",369,157
"2024-10-28T09:11:57.495Z",372,158
"2024-10-28T09:11:57.495Z",384,159
"2024-10-28T09:11:57.495Z",382,160
"2024-10-28T09:11:57.495Z",363,161
"2024-10-28T09:11:57.495Z",363,162
"2024-10-28T09:11:57.495Z",370,163
"2024-10-28T09:11:57.495Z",346,164
"2024-10-28T09:11:57.495Z",384,165
"2024-10-28T09:11:57.495Z",378,166
"2024-10-28T09:11:57.495Z",367,167
"2024-10-28T09:11:57.495Z",348,168
"2024-10-28T09:11:57.495Z",369,169
"2024-10-28T09:11:57.495Z",366,170
"2024-10-28T09:11:57.495Z",380,171
"2024-10-28T09:11:57.495Z",382,172
"2024-10-28T09:11:57.495Z",384,173
"2024-10-28T09:11:57.495Z",388,174
"2024-10-28T09:11:57.495Z",412,175
"2024-10-28T09:11:57.495Z",401,176
"2024-10-28T09:11:57.495Z",405,177
"2024-10-28T09:11:57.495Z",403,178
"2024-10-28T09:11:57.495Z",432,179
"2024-10-28T09:11:57.495Z",428,180
"2024-10-28T09:11:57.495Z",397,181
"2024-10-28T09:11:57.495Z",389,182
"2024-10-28T09:11:57.495Z",423,183
"2024-10-28T09:11:57.495Z",411,184
"2024-10-28T09:11:57.495Z",403,185
"2024-10-28T09:11:57.495Z",420,186
"2024-10-28T09:11:57.495Z",409,187
"2024-10-28T09:11:57.496Z",414,188
"2024-10-28T09:11:57.496Z",403,189
"2024-10-28T09:11:57.496Z",416,190
"2024-10-28T09:11:57.496Z",422,191
"2024-10-28T09:11:57.496Z",421,192
"2024-10-28T09:11:57.496Z",418,193
"2024-10-28T09:11:57.496Z",422,194
"2024-10-28T09:11:57.496Z",422,195
"2024-10-28T09:11:57.496Z",426,196
"2024-10-28T09:11:57.496Z",419,197
"2024-10-28T09:11:57.496Z",437,198
"2024-10-28T09:11:57.496Z",430,199
"2024-10-28T09:11:57.496Z",451,200
"2024-10-28T09:11:57.496Z",486,201
"2024-10-28T09:11:57.496Z",468,202
"2024-10-28T09:11:57.496Z",487,203
"2024-10-28T09:11:57.496Z",489,204
"2024-10-28T09:11:57.496Z",470,205
"2024-10-28T09:11:57.496Z",486,206
"2024-10-28T09:11:57.496Z",498,207
"2024-10-28T09:11:57.496Z",496,208
"2024-10-28T09:11:57.496Z",488,209
"2024-10-28T09:11:57.496Z",472,210
"2024-10-28T09:11:57.496Z",492,211
"2024-10-28T09:11:57.496Z",494,212
"2024-10-28T09:11:57.496Z",490,213
"2024-10-28T09:11:57.496Z",492,214
"2024-10-28T09:11:57.496Z",491,215
"2024-10-28T09:11:57.496Z",494,216
"2024-10-28T09:11:57.496Z",498,217
"2024-10-28T09:11:57.496Z",510,218
"2024-10-28T09:11:57.496Z",500,219
"2024-10-28T09:11:57.496Z",522,220
"2024-10-28T09:11:57.496Z",514,221
"2024-10-28T09:11:57.496Z",494,222
"2024-10-28T09:11:57.496Z",521,223
"2024-10-28T09:11:57.496Z",509,224
"2024-10-28T09:11:57.496Z",519,225
"2024-10-28T09:11:57.496Z",520,226
"2024-10-28T09:11:57.496Z",524,227
"2024-10-28T09:11:57.496Z",512,228
"2024-10-28T09:11:57.497Z",533,229
"2024-10-28T09:11:57.497Z",531,230
"2024-10-28T09:11:57.497Z",515,231
"2024-10-28T09:11:57.497Z",517,232
"2024-10-28T09:11:57.497Z",520,233
"2024-10-28T09:11:57.497Z",543,234
"2024-10-28T09:11:57.497Z",521,235
"2024-10-28T09:11:57.497Z",536,236
"2024-10-28T09:11:57.497Z",525,237
"2024-10-28T09:11:57.497Z",536,238
"2024-10-28T09:11:57.497Z",514,239
"2024-10-28T09:11:57.497Z",536,240
"2024-10-28T09:11:57.497Z",536,241
"2024-10-28T09:11:57.497Z",522,242
"2024-10-28T09:11:57.497Z",520,243
"2024-10-28T09:11:57.497Z",534,244
"2024-10-28T09:11:57.497Z",523,245
"2024-10-28T09:11:57.497Z",540,246
"2024-10-28T09:11:57.497Z",505,247
"2024-10-28T09:11:57.497Z",532,248
"2024-10-28T09:11:57.497Z",521,249
"2024-10-28T09:11:57.497Z",534,250
"2024-10-28T09:11:57.497Z",539,251
"2024-10-28T09:11:57.497Z",527,252
"2024-10-28T09:11:57.497Z",510,253
"2024-10-28T09:11:57.497Z",529,254
"2024-10-28T09:11:57.497Z",522,255
"2024-10-28T09:11:57.497Z",519,
"2024-10-28T09:11:57.497Z",506,1
"2024-10-28T09:11:57.497Z",526,2
"2024-10-28T09:11:57.497Z",521,3
"2024-10-28T09:11:57.497Z",540,4
"2024-10-28T09:11:57.497Z",540,5
"2024-10-28T09:11:57.497Z",543,6
"2024-10-28T09:11:57.497Z",525,7
"2024-10-28T09:11:57.497Z",544,8
"2024-10-28T09:11:57.497Z",529,9
"2024-10-28T09:11:57.497Z",533,10
"2024-10-28T09:11:57.497Z",522,11
"2024-10-28T09:11:57.497Z",527,12
"2024-10-28T09:11:57.497Z",524,13
"2024-10-28T09:11:57.497Z",500,14
"2024-10-28T09:11:57.497Z",476,15
"2024-10-28T09:11:57.497Z",479,16
"2024-10-28T09:11:57.497Z",620,17
"2024-10-28T09:11:57.497Z",626,18
"2024-10-28T09:11:57.497Z",648,19
"2024-10-28T09:11:57.497Z",691,20
"2024-10-28T09:11:57.497Z",702,21
"2024-10-28T09:11:57.497Z",745,22
"2024-10-28T09:11:57.497Z",774,23
"2024-10-28T09:11:57.497Z",778,24
"2024-10-28T09:11:57.497Z",800,25
"2024-10-28T09:11:57.497Z",852,26
"2024-10-28T09:11:57.497Z",856,27
"2024-10-28T09:11:57.497Z",869,28
"2024-10-28T09:11:57.497Z",878,29
"2024-10-28T09:11:57.497Z",898,30
"2024-10-28T09:11:57.497Z",880,31
"2024-10-28T09:11:57.497Z",886,32
"2024-10-28T09:11:57.497Z",887,33
"2024-10-28T09:11:57.497Z",883,34
"2024-10-28T09:11:57.497Z",838,35
"2024-10-28T09:11:57.497Z",799,36
"2024-10-28T09:11:57.497Z",769,37
"2024-10-28T09:11:57.497Z",729,38
"2024-10-28T09:11:57.497Z",715,39
"2024-10-28T09:11:57.497Z",674,40
"2024-10-28T09:11:57.497Z",662,41
"2024-10-28T09:11:57.497Z",644,42
"2024-10-28T09:11:57.497Z",619,43
"2024-10-28T09:11:57.497Z",612,44
"2024-10-28T09:11:57.498Z",602,45
"2024-10-28T09:11:57.498Z",589,46
"2024-10-28T09:11:57.498Z",563,47
"2024-10-28T09:11:57.498Z",581,48
"2024-10-28T09:11:57.498Z",552,49
"2024-10-28T09:11:57.498Z",560,50
"2024-10-28T09:11:57.498Z",548,51
"2024-10-28T09:11:57.498Z",544,52
"2024-10-28T09:11:57.498Z",512,53
"2024-10-28T09:11:57.498Z",537,54
"2024-10-28T09:11:57.498Z",555,55
"2024-10-28T09:11:57.498Z",543,56
"2024-10-28T09:11:57.498Z",519,57
"2024-10-28T09:11:57.498Z",524,58
"2024-10-28T09:11:57.498Z",510,59
"2024-10-28T09:11:57.498Z",533,60
"2024-10-28T09:11:57.498Z",524,61
"2024-10-28T09:11:57.498Z",518,62
"2024-10-28T09:11:57.498Z",518,63
"2024-10-28T09:11:57.498Z",524,64
"2024-10-28T09:11:57.498Z",542,65
"2024-10-28T09:11:57.498Z",517,66
"2024-10-28T09:11:57.498Z",506,67
"2024-10-28T09:11:57.498Z",536,68
"2024-10-28T09:11:57.498Z",523,69
"2024-10-28T09:11:57.498Z",511,70
"2024-10-28T09:11:57.498Z",505,71
"2024-10-28T09:11:57.498Z",517,72
"2024-10-28T09:11:57.498Z",511,73
"2024-10-28T09:11:57.498Z",537,74
"2024-10-28T09:11:57.498Z",519,75
"2024-10-28T09:11:57.498Z",517,76
"2024-10-28T09:11:57.498Z",496,77
"2024-10-28T09:11:57.498Z",498,78
"2024-10-28T09:11:57.498Z",528,79
"2024-10-28T09:11:57.498Z",513,80
"2024-10-28T09:11:57.498Z",515,81
"2024-10-28T09:11:57.498Z",532,82
"2024-10-28T09:11:57.498Z",499,83
"2024-10-28T09:11:57.498Z",494,84
"2024-10-28T09:11:57.498Z",506,85
"2024-10-28T09:11:57.498Z",517,86
"2024-10-28T09:11:57.498Z",517,87
"2024-10-28T09:11:57.498Z",506,88
"2024-10-28T09:11:57.498Z",509,89
"2024-10-28T09:11:57.498Z",507,90
"2024-10-28T09:11:57.498Z",505,91
"2024-10-28T09:11:57.498Z",529,92
"2024-10-28T09:11:57.498Z",525,93
"2024-10-28T09:11:57.498Z",496,94
"2024-10-28T09:11:57.498Z",499,95
"2024-10-28T09:11:57.498Z",533,96
"2024-10-28T09:11:57.498Z",571,97
"2024-10-28T09:11:57.498Z",540,98
"2024-10-28T09:11:57.498Z",530,99
"2024-10-28T09:11:57.498Z",547,100
"2024-10-28T09:11:57.498Z",559,101
"2024-10-28T09:11:57.498Z",542,102
"2024-10-28T09:11:57.498Z",552,103
"2024-10-28T09:11:57.498Z",539,104
"2024-10-28T09:11:57.498Z",522,105
"2024-10-28T09:11:57.498Z",533,106
"2024-10-28T09:11:57.498Z",528,107
"2024-10-28T09:11:57.498Z",512,108
"2024-10-28T09:11:57.498Z",541,109
"2024-10-28T09:11:57.498Z",541,110
"2024-10-28T09:11:57.498Z",523,111
"2024-10-28T09:11:57.498Z",504,112
"2024-10-28T09:11:57.498Z",514,113
"2024-10-28T09:11:57.498Z",526,114
"2024-10-28T09:11:57.498Z",525,115
"2024-10-28T09:11:57.498Z",508,116
"2024-10-28T09:11:57.498Z",525,117
"2024-10-28T09:11:57.498Z",516,118
"2024-10-28T09:11:57.498Z",531,119
"2024-10-28T09:11:57.498Z",566,120
"2024-10-28T09:11:57.498Z",528,121
"2024-10-28T09:11:57.498Z",513,122
"2024-10-28T09:11:57.498Z",524,123
"2024-10-28T09:11:57.498Z",526,124
"2024-10-28T09:11:57.499Z",523,125
"2024-10-28T09:11:57.499Z",516,126
"2024-10-28T09:11:57.499Z",525,127
"2024-10-28T09:11:57.499Z",509,128
"2024-10-28T09:11:57.499Z",530,129
"2024-10-28T09:11:58.497Z",522,130
"2024-10-28T09:11:58.497Z",507,131
"2024-10-28T09:11:58.497Z",507,132
"2024-10-28T09:11:58.497Z",474,133
"2024-10-28T09:11:58.497Z",513,134
"2024-10-28T09:11:58.497Z",514,135
"2024-10-28T09:11:58.498Z",498,136
"2024-10-28T09:11:58.498Z",481,137
"2024-10-28T09:11:58.498Z",510,138
"2024-10-28T09:11:58.498Z",521,139
"2024-10-28T09:11:58.498Z",516,140
"2024-10-28T09:11:58.498Z",489,141
"2024-10-28T09:11:58.498Z",495,142
"2024-10-28T09:11:58.498Z",497,143
"2024-10-28T09:11:58.498Z",498,144
"2024-10-28T09:11:58.498Z",509,145
"2024-10-28T09:11:58.498Z",490,146
"2024-10-28T09:11:58.498Z",531,147
"2024-10-28T09:11:58.498Z",518,148
"2024-10-28T09:11:58.498Z",509,149
"2024-10-28T09:11:58.498Z",518,150
"2024-10-28T09:11:58.498Z",516,151
"2024-10-28T09:11:58.498Z",515,152
"2024-10-28T09:11:58.498Z",511,153
"2024-10-28T09:11:58.498Z",506,154
"2024-10-28T09:11:58.498Z",503,155
"2024-10-28T09:11:58.498Z",505,156
"2024-10-28T09:11:58.498Z",490,157
"2024-10-28T09:11:58.498Z",517,158
"2024-10-28T09:11:58.498Z",508,159
"2024-10-28T09:11:58.498Z",518,160
"2024-10-28T09:11:58.498Z",500,161
"2024-10-28T09:11:58.498Z",521,162
"2024-10-28T09:11:58.498Z",530,163
"2024-10-28T09:11:58.498Z",509,164
"2024-10-28T09:11:58.498Z",520,165
"2024-10-28T09:11:58.498Z",510,166
"2024-10-28T09:11:58.498Z",521,167
"2024-10-28T09:11:58.498Z",522,168
"2024-10-28T09:11:58.498Z",514,169
"2024-10-28T09:11:58.498Z",504,170
"2024-10-28T09:11:58.498Z",531,171
"2024-10-28T09:11:58.498Z",550,172
"2024-10-28T09:11:58.498Z",562,173
"2024-10-28T09:11:58.498Z",562,174
"2024-10-28T09:11:58.498Z",580,175
"2024-10-28T09:11:58.498Z",583,176
"2024-10-28T09:11:58.498Z",573,177
"2024-10-28T09:11:58.498Z",578,178
"2024-10-28T09:11:58.498Z",577,179
"2024-10-28T09:11:58.498Z",564,180
"2024-10-28T09:11:58.498Z",566,181
"2024-10-28T09:11:58.498Z",520,182
"2024-10-28T09:11:58.498Z",528,183
"2024-10-28T09:11:58.498Z",546,184
"2024-10-28T09:11:58.499Z",542,185
"2024-10-28T09:11:58.499Z",532,186
"2024-10-28T09:11:58.499Z",532,187
"2024-10-28T09:11:58.499Z",527,188
"2024-10-28T09:11:58.499Z",516,189
"2024-10-28T09:11:58.499Z",522,190
"2024-10-28T09:11:58.499Z",514,191
"2024-10-28T09:11:58.499Z",521,192
"2024-10-28T09:11:58.499Z",522,193
"2024-10-28T09:11:58.499Z",515,194
"2024-10-28T09:11:58.499Z",509,195
"2024-10-28T09:11:58.499Z",510,196
"2024-10-28T09:11:58.499Z",503,197
"2024-10-28T09:11:58.499Z",521,198
"2024-10-28T09:11:58.499Z",513,199
"2024-10-28T09:11:58.499Z",514,200
"2024-10-28T09:11:58.499Z",542,201
"2024-10-28T09:11:58.499Z",503,202
"2024-10-28T09:11:58.499Z",512,203
"2024-10-28T09:11:58.499Z",538,204
"2024-10-28T09:11:58.499Z",526,205
"2024-10-28T09:11:58.499Z",514,206
"2024-10-28T09:11:58.499Z",493,207
"2024-10-28T09:11:58.499Z",520,208
"2024-10-28T09:11:58.499Z",526,209
"2024-10-28T09:11:58.499Z",527,210
"2024-10-28T09:11:58.499Z",517,211
"2024-10-28T09:11:58.499Z",502,212
"2024-10-28T09:11:58.499Z",507,213
"2024-10-28T09:11:58.499Z",518,214
"2024-10-28T09:11:58.499Z",512,215
"2024-10-28T09:11:58.499Z",508,216
"2024-10-28T09:11:58.499Z",484,217
"2024-10-28T09:11:58.499Z",505,218
"2024-10-28T09:11:58.499Z",530,219
"2024-10-28T09:11:58.499Z",495,220
"2024-10-28T09:11:58.499Z",512,221
"2024-10-28T09:11:58.499Z",507,222
"2024-10-28T09:11:58.499Z",497,223
"2024-10-28T09:11:58.499Z",528,224
"2024-10-28T09:11:58.499Z",504,225
"2024-10-28T09:11:58.499Z",511,226
"2024-10-28T09:11:58.499Z",487,227
"2024-10-28T09:11:58.499Z",508,228
"2024-10-28T09:11:58.499Z",514,229
"2024-10-28T09:11:58.499Z",513,230
"2024-10-28T09:11:58.499Z",524,231
"2024-10-28T09:11:58.499Z",515,232
"2024-10-28T09:11:58.499Z",501,233
"2024-10-28T09:11:58.499Z",502,234
"2024-10-28T09:11:58.499Z",480,235
"2024-10-28T09:11:58.499Z",524,236
"2024-10-28T09:11:58.499Z",509,237
"2024-10-28T09:11:58.500Z",503,238
"2024-10-28T09:11:58.500Z",511,239
"2024-10-28T09:11:58.500Z",516,240
"2024-10-28T09:11:58.500Z",509,241
"2024-10-28T09:11:58.500Z",516,242
"2024-10-28T09:11:58.500Z",517,243
"2024-10-28T09:11:58.500Z",493,244
"2024-10-28T09:11:58.500Z",499,245
"2024-10-28T09:11:58.500Z",524,246
"2024-10-28T09:11:58.500Z",525,247
"2024-10-28T09:11:58.500Z",524,248
"2024-10-28T09:11:58.500Z",520,249
"2024-10-28T09:11:58.500Z",497,250
"2024-10-28T09:11:58.500Z",482,251
"2024-10-28T09:11:58.500Z",509,252
"2024-10-28T09:11:58.500Z",514,253
"2024-10-28T09:11:58.500Z",521,254
"2024-10-28T09:11:58.500Z",494,255
"2024-10-28T09:11:58.500Z",513,
"2024-10-28T09:11:58.500Z",499,1
"2024-10-28T09:11:58.500Z",526,2
"2024-10-28T09:11:58.500Z",515,3
"2024-10-28T09:11:58.500Z",520,4
"2024-10-28T09:11:58.500Z",514,5
"2024-10-28T09:11:58.500Z",513,6
"2024-10-28T09:11:58.500Z",510,7
"2024-10-28T09:11:58.500Z",516,8
"2024-10-28T09:11:58.500Z",530,9
"2024-10-28T09:11:58.500Z",502,10
"2024-10-28T09:11:58.500Z",509,11
"2024-10-28T09:11:58.500Z",525,12
"2024-10-28T09:11:58.500Z",522,13
"2024-10-28T09:11:58.500Z",516,14
"2024-10-28T09:11:58.500Z",518,15
"2024-10-28T09:11:58.500Z",520,16
"2024-10-28T09:11:58.500Z",516,17
"2024-10-28T09:11:58.500Z",529,18
"2024-10-28T09:11:58.500Z",499,19
"2024-10-28T09:11:58.500Z",510,20
"2024-10-28T09:11:58.500Z",507,21
"2024-10-28T09:11:58.500Z",520,22
"2024-10-28T09:11:58.500Z",495,23
"2024-10-28T09:11:58.500Z",507,24
"2024-10-28T09:11:58.500Z",510,25
"2024-10-28T09:11:58.500Z",511,26
"2024-10-28T09:11:58.500Z",523,27
"2024-10-28T09:11:58.500Z",485,28
"2024-10-28T09:11:58.500Z",525,29
"2024-10-28T09:11:58.500Z",503,30
"2024-10-28T09:11:58.500Z",519,31
"2024-10-28T09:11:58.500Z",513,32
"2024-10-28T09:11:58.500Z",526,33
"2024-10-28T09:11:58.500Z",534,34
"2024-10-28T09:11:58.500Z",501,35
"2024-10-28T09:11:58.500Z",506,36
"2024-10-28T09:11:58.500Z",516,37
"2024-10-28T09:11:58.500Z",516,38
"2024-10-28T09:11:58.500Z",513,39
"2024-10-28T09:11:58.500Z",518,40
"2024-10-28T09:11:58.500Z",504,41
"2024-10-28T09:11:58.500Z",514,42
"2024-10-28T09:11:58.500Z",512,43
"2024-10-28T09:11:58.500Z",516,44
"2024-10-28T09:11:58.500Z",494,45
"2024-10-28T09:11:58.500Z",497,46
"2024-10-28T09:11:58.500Z",498,47
"2024-10-28T09:11:58.500Z",517,48
"2024-10-28T09:11:58.500Z",520,49
"2024-10-28T09:11:58.500Z",516,50
"2024-10-28T09:11:58.500Z",525,51
"2024-10-28T09:11:58.500Z",511,52
"2024-10-28T09:11:58.500Z",509,53
"2024-10-28T09:11:58.500Z",501,54
"2024-10-28T09:11:58.500Z",523,55
"2024-10-28T09:11:58.500Z",501,56
"2024-10-28T09:11:58.500Z",505,57
"2024-10-28T09:11:58.500Z",498,58
"2024-10-28T09:11:58.500Z",493,59
"2024-10-28T09:11:58.500Z",501,60
"2024-10-28T09:11:58.500Z",501,61
"2024-10-28T09:11:58.500Z",500,62
"2024-10-28T09:11:58.500Z",508,63
"2024-10-28T09:11:58.500Z",493,64
"2024-10-28T09:11:58.500Z",495,65
"2024-10-28T09:11:58.500Z",504,66
"2024-10-28T09:11:58.501Z",512,67
"2024-10-28T09:11:58.501Z",517,68
"2024-10-28T09:11:58.501Z",513,69
"2024-10-28T09:11:58.501Z",492,70
"2024-10-28T09:11:58.501Z",503,71
"2024-10-28T09:11:58.501Z",501,72
"2024-10-28T09:11:58.501Z",516,73
"2024-10-28T09:11:58.501Z",496,74
"2024-10-28T09:11:58.501Z",512,75
"2024-10-28T09:11:58.501Z",496,76
"2024-10-28T09:11:58.501Z",504,77
"2024-10-28T09:11:58.501Z",516,78
"2024-10-28T09:11:58.501Z",528,79
"2024-10-28T09:11:58.501Z",493,80
"2024-10-28T09:11:58.501Z",468,81
"2024-10-28T09:11:58.501Z",466,82
"2024-10-28T09:11:58.501Z",458,83
"2024-10-28T09:11:58.501Z",438,84
"2024-10-28T09:11:58.501Z",405,85
"2024-10-28T09:11:58.501Z",376,86
"2024-10-28T09:11:58.501Z",378,87
"2024-10-28T09:11:58.501Z",363,88
"2024-10-28T09:11:58.501Z",366,89
"2024-10-28T09:11:58.501Z",357,90
"2024-10-28T09:11:58.501Z",386,91
"2024-10-28T09:11:58.501Z",402,92
"2024-10-28T09:11:58.501Z",411,93
"2024-10-28T09:11:58.501Z",416,94
"2024-10-28T09:11:58.501Z",447,95
"2024-10-28T09:11:58.501Z",444,96
"2024-10-28T09:11:58.501Z",439,97
"2024-10-28T09:11:58.501Z",464,98
"2024-10-28T09:11:58.501Z",455,99
"2024-10-28T09:11:58.501Z",469,100
"2024-10-28T09:11:58.501Z",474,101
"2024-10-28T09:11:58.501Z",472,102
"2024-10-28T09:11:58.501Z",484,103
"2024-10-28T09:11:58.501Z",487,104
"2024-10-28T09:11:58.501Z",474,105
"2024-10-28T09:11:58.501Z",489,106
"2024-10-28T09:11:58.501Z",485,107
"2024-10-28T09:11:58.501Z",486,108
"2024-10-28T09:11:58.501Z",510,109
"2024-10-28T09:11:58.501Z",496,110
"2024-10-28T09:11:58.501Z",508,111
"2024-10-28T09:11:58.501Z",519,112
"2024-10-28T09:11:58.501Z",504,113
"2024-10-28T09:11:58.501Z",496,114
"2024-10-28T09:11:58.501Z",498,115
"2024-10-28T09:11:58.501Z",514,116
"2024-10-28T09:11:58.501Z",516,117
"2024-10-28T09:11:58.501Z",530,118
"2024-10-28T09:11:58.501Z",499,119
"2024-10-28T09:11:58.501Z",507,120
"2024-10-28T09:11:58.501Z",500,121
"2024-10-28T09:11:58.501Z",508,122
"2024-10-28T09:11:58.501Z",500,123
"2024-10-28T09:11:58.501Z",519,124
"2024-10-28T09:11:59.497Z",526,125
"2024-10-28T09:11:59.497Z",519,126
"2024-10-28T09:11:59.497Z",507,127
"2024-10-28T09:11:59.497Z",528,128
"2024-10-28T09:11:59.497Z",499,129
"2024-10-28T09:11:59.497Z",503,130
"2024-10-28T09:11:59.497Z",496,131
"2024-10-28T09:11:59.497Z",522,132
"2024-10-28T09:11:59.497Z",502,133
"2024-10-28T09:11:59.497Z",520,134
"2024-10-28T09:11:59.497Z",481,135
"2024-10-28T09:11:59.497Z",480,136
"2024-10-28T09:11:59.497Z",473,137
"2024-10-28T09:11:59.497Z",477,138
"2024-10-28T09:11:59.497Z",451,139
"2024-10-28T09:11:59.497Z",454,140
"2024-10-28T09:11:59.497Z",444,141
"2024-10-28T09:11:59.497Z",452,142
"2024-10-28T09:11:59.498Z",468,143
"2024-10-28T09:11:59.498Z",489,144
"2024-10-28T09:11:59.498Z",488,145
"2024-10-28T09:11:59.498Z",487,146
"2024-10-28T09:11:59.498Z",497,147
"2024-10-28T09:11:59.498Z",492,148
"2024-10-28T09:11:59.498Z",476,149
"2024-10-28T09:11:59.498Z",488,150
"2024-10-28T09:11:59.498Z",481,151
"2024-10-28T09:11:59.498Z",495,152
"2024-10-28T09:11:59.498Z",488,153
"2024-10-28T09:11:59.498Z",502,154
"2024-10-28T09:11:59.498Z",494,155
"2024-10-28T09:11:59.498Z",475,156
"2024-10-28T09:11:59.498Z",503,157
"2024-10-28T09:11:59.498Z",516,158
"2024-10-28T09:11:59.498Z",504,159
"2024-10-28T09:11:59.498Z",492,160
"2024-10-28T09:11:59.498Z",520,161
"2024-10-28T09:11:59.498Z",512,162
"2024-10-28T09:11:59.498Z",520,163
"2024-10-28T09:11:59.498Z",519,164
"2024-10-28T09:11:59.498Z",533,165
"2024-10-28T09:11:59.498Z",512,166
"2024-10-28T09:11:59.498Z",541,167
"2024-10-28T09:11:59.498Z",530,168
"2024-10-28T09:11:59.498Z",524,169
"2024-10-28T09:11:59.498Z",510,170
"2024-10-28T09:11:59.498Z",525,171
"2024-10-28T09:11:59.498Z",521,172
"2024-10-28T09:11:59.498Z",529,173
"2024-10-28T09:11:59.498Z",527,174
"2024-10-28T09:11:59.499Z",533,175
"2024-10-28T09:11:59.499Z",517,176
"2024-10-28T09:11:59.499Z",525,177
"2024-10-28T09:11:59.499Z",533,178
"2024-10-28T09:11:59.499Z",515,179
"2024-10-28T09:11:59.499Z",499,180
"2024-10-28T09:11:59.499Z",523,181
"2024-10-28T09:11:59.499Z",545,182
"2024-10-28T09:11:59.499Z",516,183
"2024-10-28T09:11:59.499Z",524,184
"2024-10-28T09:11:59.499Z",509,185
"2024-10-28T09:11:59.499Z",515,186
"2024-10-28T09:11:59.499Z",496,187
"2024-10-28T09:11:59.499Z",511,188
"2024-10-28T09:11:59.499Z",507,189
"2024-10-28T09:11:59.499Z",501,190
"2024-10-28T09:11:59.499Z",500,191
"2024-10-28T09:11:59.499Z",499,192
"2024-10-28T09:11:59.499Z",524,193
"2024-10-28T09:11:59.499Z",526,194
"2024-10-28T09:11:59.499Z",512,195
"2024-10-28T09:11:59.499Z",513,196
"2024-10-28T09:11:59.499Z",527,197
"2024-10-28T09:11:59.499Z",517,198
"2024-10-28T09:11:59.499Z",528,199
"2024-10-28T09:11:59.499Z",520,200
"2024-10-28T09:11:59.499Z",501,201
"2024-10-28T09:11:59.499Z",502,202
"2024-10-28T09:11:59.499Z",505,203
"2024-10-28T09:11:59.499Z",482,204
"2024-10-28T09:11:59.500Z",517,205
"2024-10-28T09:11:59.500Z",510,206
"2024-10-28T09:11:59.500Z",507,207
"2024-10-28T09:11:59.500Z",544,208
"2024-10-28T09:11:59.500Z",531,209
"2024-10-28T09:11:59.500Z",514,210
"2024-10-28T09:11:59.500Z",523,211
"2024-10-28T09:11:59.500Z",531,212
"2024-10-28T09:11:59.500Z",519,213
"2024-10-28T09:11:59.500Z",503,214
"2024-10-28T09:11:59.500Z",514,215
"2024-10-28T09:11:59.500Z",510,216
"2024-10-28T09:11:59.500Z",503,217
"2024-10-28T09:11:59.500Z",505,218
"2024-10-28T09:11:59.500Z",496,219
"2024-10-28T09:11:59.500Z",493,220
"2024-10-28T09:11:59.500Z",492,221
"2024-10-28T09:11:59.500Z",498,222
"2024-10-28T09:11:59.500Z",498,223
"2024-10-28T09:11:59.500Z",499,224
"2024-10-28T09:11:59.500Z",526,225
"2024-10-28T09:11:59.500Z",506,226
"2024-10-28T09:11:59.500Z",509,227
"2024-10-28T09:11:59.500Z",510,228
"2024-10-28T09:11:59.500Z",518,229
"2024-10-28T09:11:59.500Z",518,230
"2024-10-28T09:11:59.500Z",518,231
"2024-10-28T09:11:59.500Z",512,232
"2024-10-28T09:11:59.500Z",513,233
"2024-10-28T09:11:59.500Z",515,234
"2024-10-28T09:11:59.500Z",528,235
"2024-10-28T09:11:59.500Z",498,236
"2024-10-28T09:11:59.500Z",513,237
"2024-10-28T09:11:59.500Z",516,238
"2024-10-28T09:11:59.500Z",509,239
"2024-10-28T09:11:59.500Z",514,240
"2024-10-28T09:11:59.500Z",502,241
"2024-10-28T09:11:59.500Z",514,242
"2024-10-28T09:11:59.500Z",517,243
"2024-10-28T09:11:59.500Z",521,244
"2024-10-28T09:11:59.501Z",513,245
"2024-10-28T09:11:59.501Z",509,246
"2024-10-28T09:11:59.501Z",539,247
"2024-10-28T09:11:59.501Z",526,248
"2024-10-28T09:11:59.501Z",527,249
"2024-10-28T09:11:59.501Z",510,250
"2024-10-28T09:11:59.501Z",510,251
"2024-10-28T09:11:59.501Z",505,252
"2024-10-28T09:11:59.501Z",483,253
"2024-10-28T09:11:59.501Z",484,254
"2024-10-28T09:11:59.501Z",454,255
"2024-10-28T09:11:59.501Z",408,
"2024-10-28T09:11:59.501Z",420,1
"2024-10-28T09:11:59.501Z",445,2
"2024-10-28T09:11:59.501Z",413,3
"2024-10-28T09:11:59.501Z",420,4
"2024-10-28T09:11:59.501Z",404,5
"2024-10-28T09:11:59.501Z",396,6
"2024-10-28T09:11:59.501Z",383,7
"2024-10-28T09:11:59.501Z",377,8
"2024-10-28T09:11:59.501Z",371,9
"2024-10-28T09:11:59.501Z",388,10
"2024-10-28T09:11:59.501Z",372,11
"2024-10-28T09:11:59.501Z",376,12
"2024-10-28T09:11:59.501Z",361,13
"2024-10-28T09:11:59.501Z",382,14
"2024-10-28T09:11:59.501Z",377,15
"2024-10-28T09:11:59.501Z",361,16
"2024-10-28T09:11:59.501Z",370,17
"2024-10-28T09:11:59.501Z",356,18
"2024-10-28T09:11:59.501Z",372,19
"2024-10-28T09:11:59.502Z",373,20
"2024-10-28T09:11:59.502Z",371,21
"2024-10-28T09:11:59.502Z",359,22
"2024-10-28T09:11:59.502Z",361,23
"2024-10-28T09:11:59.502Z",370,24
"2024-10-28T09:11:59.502Z",374,25
"2024-10-28T09:11:59.502Z",381,26
"2024-10-28T09:11:59.502Z",384,27
"2024-10-28T09:11:59.502Z",395,28
"2024-10-28T09:11:59.502Z",392,29
"2024-10-28T09:11:59.502Z",372,30
"2024-10-28T09:11:59.502Z",386,31
"2024-10-28T09:11:59.502Z",394,32
"2024-10-28T09:11:59.502Z",400,33
"2024-10-28T09:11:59.502Z",422,34
"2024-10-28T09:11:59.502Z",417,35
"2024-10-28T09:11:59.502Z",437,36
"2024-10-28T09:11:59.502Z",426,37
"2024-10-28T09:11:59.502Z",418,38
"2024-10-28T09:11:59.502Z",415,39
"2024-10-28T09:11:59.502Z",403,40
"2024-10-28T09:11:59.502Z",387,41
"2024-10-28T09:11:59.502Z",440,42
"2024-10-28T09:11:59.502Z",436,43
"2024-10-28T09:11:59.502Z",458,44
"2024-10-28T09:11:59.502Z",453,45
"2024-10-28T09:11:59.502Z",447,46
"2024-10-28T09:11:59.503Z",459,47
"2024-10-28T09:11:59.503Z",475,48
"2024-10-28T09:11:59.503Z",477,49
"2024-10-28T09:11:59.503Z",476,50
"2024-10-28T09:11:59.503Z",467,51
"2024-10-28T09:11:59.503Z",471,52
"2024-10-28T09:11:59.503Z",474,53
"2024-10-28T09:11:59.503Z",474,54
"2024-10-28T09:11:59.503Z",451,55
"2024-10-28T09:11:59.503Z",475,56
"2024-10-28T09:11:59.503Z",490,57
"2024-10-28T09:11:59.503Z",472,58
"2024-10-28T09:11:59.503Z",471,59
"2024-10-28T09:11:59.503Z",473,60
"2024-10-28T09:11:59.503Z",491,61
"2024-10-28T09:11:59.503Z",492,62
"2024-10-28T09:11:59.503Z",490,63
"2024-10-28T09:11:59.503Z",488,64
"2024-10-28T09:11:59.503Z",468,65
"2024-10-28T09:11:59.503Z",449,66
"2024-10-28T09:11:59.503Z",503,67
"2024-10-28T09:11:59.503Z",514,68
"2024-10-28T09:11:59.503Z",468,69
"2024-10-28T09:11:59.503Z",489,70
"2024-10-28T09:11:59.503Z",473,71
"2024-10-28T09:11:59.503Z",485,72
"2024-10-28T09:11:59.503Z",497,73
"2024-10-28T09:11:59.503Z",503,74
"2024-10-28T09:11:59.503Z",511,75
"2024-10-28T09:11:59.503Z",505,76
"2024-10-28T09:11:59.503Z",508,77
"2024-10-28T09:11:59.503Z",532,78
"2024-10-28T09:11:59.503Z",509,79
"2024-10-28T09:11:59.503Z",510,80
"2024-10-28T09:11:59.503Z",507,81
"2024-10-28T09:11:59.503Z",510,82
"2024-10-28T09:11:59.503Z",500,83
"2024-10-28T09:11:59.504Z",522,84
"2024-10-28T09:11:59.504Z",518,85
"2024-10-28T09:11:59.504Z",530,86
"2024-10-28T09:11:59.504Z",522,87
"2024-10-28T09:11:59.504Z",534,88
"2024-10-28T09:11:59.504Z",518,89
"2024-10-28T09:11:59.504Z",522,90
"2024-10-28T09:11:59.504Z",527,91
"2024-10-28T09:11:59.504Z",529,92
"2024-10-28T09:11:59.504Z",554,93
"2024-10-28T09:11:59.504Z",528,94
"2024-10-28T09:11:59.504Z",497,95
"2024-10-28T09:11:59.504Z",513,96
"2024-10-28T09:11:59.504Z",511,97
"2024-10-28T09:11:59.504Z",526,98
"2024-10-28T09:11:59.504Z",527,99
"2024-10-28T09:11:59.504Z",492,100
"2024-10-28T09:11:59.504Z",520,101
"2024-10-28T09:11:59.504Z",526,102
"2024-10-28T09:11:59.504Z",543,103
"2024-10-28T09:11:59.504Z",528,104
"2024-10-28T09:11:59.504Z",530,105
"2024-10-28T09:11:59.504Z",541,106
"2024-10-28T09:11:59.504Z",525,107
"2024-10-28T09:11:59.504Z",536,108
"2024-10-28T09:11:59.504Z",525,109
"2024-10-28T09:11:59.504Z",539,110
"2024-10-28T09:11:59.504Z",535,111
"2024-10-28T09:11:59.504Z",523,112
"2024-10-28T09:11:59.504Z",528,113
"2024-10-28T09:11:59.504Z",526,114
"2024-10-28T09:11:59.504Z",526,115
"2024-10-28T09:11:59.504Z",521,116
"2024-10-28T09:11:59.504Z",525,117
"2024-10-28T09:12:00.496Z",532,118
"2024-10-28T09:12:00.497Z",527,119
"2024-10-28T09:12:00.497Z",529,120
"2024-10-28T09:12:00.497Z",543,121
"2024-10-28T09:12:00.497Z",523,122
"2024-10-28T09:12:00.497Z",518,123
"2024-10-28T09:12:00.497Z",529,124
"2024-10-28T09:12:00.497Z",498,125
"2024-10-28T09:12:00.497Z",517,126
"2024-10-28T09:12:00.497Z",527,127
"2024-10-28T09:12:00.497Z",532,128
"2024-10-28T09:12:00.497Z",516,129
"2024-10-28T09:12:00.497Z",524,130
"2024-10-28T09:12:00.497Z",523,131
"2024-10-28T09:12:00.497Z",539,132
"2024-10-28T09:12:00.497Z",525,133
"2024-10-28T09:12:00.497Z",516,134
"2024-10-28T09:12:00.497Z",498,135
"2024-10-28T09:12:00.497Z",514,136
"2024-10-28T09:12:00.497Z",527,137
"2024-10-28T09:12:00.497Z",512,138
"2024-10-28T09:12:00.497Z",497,139
"2024-10-28T09:12:00.497Z",501,140
"2024-10-28T09:12:00.497Z",514,141
"2024-10-28T09:12:00.497Z",520,142
"2024-10-28T09:12:00.497Z",498,143
"2024-10-28T09:12:00.497Z",509,144
"2024-10-28T09:12:00.497Z",518,145
"2024-10-28T09:12:00.497Z",514,146
"2024-10-28T09:12:00.497Z",498,147
"2024-10-28T09:12:00.497Z",493,148
"2024-10-28T09:12:00.497Z",498,149
"2024-10-28T09:12:00.497Z",498,150
"2024-10-28T09:12:00.497Z",507,151
"2024-10-28T09:12:00.497Z",490,152
"2024-10-28T09:12:00.497Z",493,153
"2024-10-28T09:12:00.497Z",515,154
"2024-10-28T09:12:00.497Z",530,155
"2024-10-28T09:12:00.497Z",490,156
"2024-10-28T09:12:00.497Z",451,157
"2024-10-28T09:12:00.497Z",518,158
"2024-10-28T09:12:00.497Z",632,159
"2024-10-28T09:12:00.497Z",623,160
"2024-10-28T09:12:00.497Z",642,161
"2024-10-28T09:12:00.497Z",659,162
"2024-10-28T09:12:00.497Z",715,163
"2024-10-28T09:12:00.497Z",733,164
"2024-10-28T09:12:00.497Z",744,165
"2024-10-28T09:12:00.497Z",770,166
"2024-10-28T09:12:00.497Z",786,167
"2024-10-28T09:12:00.497Z",808,168
"2024-10-28T09:12:00.497Z",821,169
"2024-10-28T09:12:00.497Z",799,170
"2024-10-28T09:12:00.497Z",859,171
"2024-10-28T09:12:00.497Z",863,172
"2024-10-28T09:12:00.497Z",867,173
"2024-10-28T09:12:00.497Z",850,174
"2024-10-28T09:12:00.497Z",851,175
"2024-10-28T09:12:00.497Z",830,176
"2024-10-28T09:12:00.497Z",832,177
"2024-10-28T09:12:00.497Z",826,178
"2024-10-28T09:12:00.497Z",806,179
"2024-10-28T09:12:00.497Z",788,180
"2024-10-28T09:12:00.497Z",757,181
"2024-10-28T09:12:00.497Z",739,182
"2024-10-28T09:12:00.497Z",690,183
"2024-10-28T09:12:00.498Z",680,184
"2024-10-28T09:12:00.498Z",644,185
"2024-10-28T09:12:00.498Z",636,186
"2024-10-28T09:12:00.498Z",614,187
"2024-10-28T09:12:00.498Z",611,188
"2024-10-28T09:12:00.498Z",598,189
"2024-10-28T09:12:00.498Z",577,190
"2024-10-28T09:12:00.498Z",574,191
"2024-10-28T09:12:00.498Z",551,192
"2024-10-28T09:12:00.498Z",574,193
"2024-10-28T09:12:00.498Z",537,194
"2024-10-28T09:12:00.498Z",538,195
"2024-10-28T09:12:00.498Z",550,196
"2024-10-28T09:12:00.498Z",560,197
"2024-10-28T09:12:00.498Z",537,198
"2024-10-28T09:12:00.498Z",542,199
"2024-10-28T09:12:00.498Z",517,200
"2024-10-28T09:12:00.498Z",519,201
"2024-10-28T09:12:00.498Z",526,202
"2024-10-28T09:12:00.498Z",521,203
"2024-10-28T09:12:00.498Z",516,204
"2024-10-28T09:12:00.498Z",526,205
"2024-10-28T09:12:00.498Z",524,206
"2024-10-28T09:12:00.498Z",538,207
"2024-10-28T09:12:00.498Z",529,208
"2024-10-28T09:12:00.498Z",521,209
"2024-10-28T09:12:00.498Z",532,210
"2024-10-28T09:12:00.498Z",518,211
"2024-10-28T09:12:00.498Z",502,212
"2024-10-28T09:12:00.498Z",546,213
"2024-10-28T09:12:00.498Z",522,214
"2024-10-28T09:12:00.498Z",489,215
"2024-10-28T09:12:00.498Z",504,216
"2024-10-28T09:12:00.498Z",518,217
"2024-10-28T09:12:00.498Z",504,218
"2024-10-28T09:12:00.498Z",521,219
"2024-10-28T09:12:00.498Z",508,220
"2024-10-28T09:12:00.498Z",514,221
"2024-10-28T09:12:00.498Z",510,222
"2024-10-28T09:12:00.498Z",519,223
"2024-10-28T09:12:00.498Z",512,224
"2024-10-28T09:12:00.498Z",509,225
"2024-10-28T09:12:00.498Z",520,226
"2024-10-28T09:12:00.498Z",510,227
"2024-10-28T09:12:00.498Z",509,228
"2024-10-28T09:12:00.498Z",509,229
"2024-10-28T09:12:00.498Z",484,230
"2024-10-28T09:12:00.498Z",499,231
"2024-10-28T09:12:00.498Z",509,232
"2024-10-28T09:12:00.498Z",523,233
"2024-10-28T09:12:00.498Z",494,234
"2024-10-28T09:12:00.498Z",503,235
"2024-10-28T09:12:00.498Z",516,236
"2024-10-28T09:12:00.498Z",513,237
"2024-10-28T09:12:00.498Z",517,238
"2024-10-28T09:12:00.498Z",503,239
"2024-10-28T09:12:00.498Z",470,240
"2024-10-28T09:12:00.498Z",467,241
"2024-10-28T09:12:00.498Z",469,242
"2024-10-28T09:12:00.498Z",473,243
"2024-10-28T09:12:00.498Z",467,244
"2024-10-28T09:12:00.498Z",471,245
"2024-10-28T09:12:00.499Z",476,246
"2024-10-28T09:12:00.499Z",489,247
"2024-10-28T09:12:00.499Z",497,248
"2024-10-28T09:12:00.499Z",499,249
"2024-10-28T09:12:00.499Z",500,250
"2024-10-28T09:12:00.499Z",514,251
"2024-10-28T09:12:00.499Z",521,252
"2024-10-28T09:12:00.499Z",502,253
"2024-10-28T09:12:00.499Z",489,254
"2024-10-28T09:12:00.499Z",508,255
"2024-10-28T09:12:00.499Z",516,
"2024-10-28T09:12:00.499Z",497,1
"2024-10-28T09:12:00.499Z",490,2
"2024-10-28T09:12:00.499Z",522,3
"2024-10-28T09:12:00.499Z",498,4
"2024-10-28T09:12:00.499Z",535,5
"2024-10-28T09:12:00.499Z",496,6
"2024-10-28T09:12:00.499Z",521,7
"2024-10-28T09:12:00.499Z",504,8
"2024-10-28T09:12:00.499Z",496,9
"2024-10-28T09:12:00.499Z",499,10
"2024-10-28T09:12:00.499Z",500,11
"2024-10-28T09:12:00.499Z",493,12
"2024-10-28T09:12:00.499Z",481,13
"2024-10-28T09:12:00.499Z",481,14
"2024-10-28T09:12:00.499Z",497,15
"2024-10-28T09:12:00.499Z",502,16
"2024-10-28T09:12:00.499Z",492,17
"2024-10-28T09:12:00.499Z",515,18
"2024-10-28T09:12:00.499Z",499,19
"2024-10-28T09:12:00.499Z",516,20
"2024-10-28T09:12:00.499Z",512,21
"2024-10-28T09:12:00.499Z",507,22
"2024-10-28T09:12:00.499Z",510,23
"2024-10-28T09:12:00.499Z",506,24
"2024-10-28T09:12:00.499Z",522,25
"2024-10-28T09:12:00.499Z",506,26
"2024-10-28T09:12:00.499Z",515,27
"2024-10-28T09:12:00.499Z",500,28
"2024-10-28T09:12:00.499Z",510,29
"2024-10-28T09:12:00.499Z",489,30
"2024-10-28T09:12:00.499Z",512,31
"2024-10-28T09:12:00.499Z",503,32
"2024-10-28T09:12:00.500Z",511,33
"2024-10-28T09:12:00.500Z",499,34
"2024-10-28T09:12:00.500Z",527,35
"2024-10-28T09:12:00.500Z",511,36
"2024-10-28T09:12:00.500Z",495,37
"2024-10-28T09:12:00.500Z",526,38
"2024-10-28T09:12:00.500Z",512,39
"2024-10-28T09:12:00.500Z",510,40
"2024-10-28T09:12:00.500Z",543,41
"2024-10-28T09:12:00.500Z",500,42
"2024-10-28T09:12:00.500Z",504,43
"2024-10-28T09:12:00.500Z",507,44
"2024-10-28T09:12:00.500Z",505,45
"2024-10-28T09:12:00.500Z",503,46
"2024-10-28T09:12:00.500Z",492,47
"2024-10-28T09:12:00.500Z",504,48
"2024-10-28T09:12:00.500Z",518,49
"2024-10-28T09:12:00.500Z",534,50
"2024-10-28T09:12:00.500Z",506,51
"2024-10-28T09:12:00.500Z",509,52
"2024-10-28T09:12:00.500Z",474,53
"2024-10-28T09:12:00.500Z",456,54
"2024-10-28T09:12:00.500Z",463,55
"2024-10-28T09:12:00.500Z",459,56
"2024-10-28T09:12:00.500Z",465,57
"2024-10-28T09:12:00.500Z",458,58
"2024-10-28T09:12:00.500Z",462,59
"2024-10-28T09:12:00.500Z",475,60
"2024-10-28T09:12:00.500Z",478,61
"2024-10-28T09:12:00.500Z",485,62
"2024-10-28T09:12:00.500Z",472,63
"2024-10-28T09:12:00.500Z",486,64
"2024-10-28T09:12:00.500Z",508,65
"2024-10-28T09:12:00.500Z",516,66
"2024-10-28T09:12:00.500Z",508,67
"2024-10-28T09:12:00.500Z",523,68
"2024-10-28T09:12:00.500Z",489,69
"2024-10-28T09:12:00.500Z",498,70
"2024-10-28T09:12:00.500Z",500,71
"2024-10-28T09:12:00.500Z",500,72
"2024-10-28T09:12:00.500Z",504,73
"2024-10-28T09:12:00.500Z",503,74
"2024-10-28T09:12:00.500Z",499,75
"2024-10-28T09:12:00.501Z",516,76
"2024-10-28T09:12:00.501Z",514,77
"2024-10-28T09:12:00.501Z",496,78
"2024-10-28T09:12:00.501Z",512,79
"2024-10-28T09:12:00.501Z",518,80
"2024-10-28T09:12:00.501Z",508,81
"2024-10-28T09:12:00.501Z",494,82
"2024-10-28T09:12:00.501Z",496,83
"2024-10-28T09:12:00.501Z",505,84
"2024-10-28T09:12:00.501Z",487,85
"2024-10-28T09:12:00.501Z",502,86
"2024-10-28T09:12:00.501Z",487,87
"2024-10-28T09:12:00.501Z",504,88
"2024-10-28T09:12:00.501Z",508,89
"2024-10-28T09:12:00.501Z",507,90
"2024-10-28T09:12:00.501Z",504,91
"2024-10-28T09:12:00.501Z",530,92
"2024-10-28T09:12:00.501Z",503,93
"2024-10-28T09:12:00.501Z",500,94
"2024-10-28T09:12:00.501Z",529,95
"2024-10-28T09:12:00.501Z",495,96
"2024-10-28T09:12:00.501Z",497,97
"2024-10-28T09:12:00.501Z",557,98
"2024-10-28T09:12:00.501Z",588,99
"2024-10-28T09:12:00.501Z",605,100
"2024-10-28T09:12:00.501Z",606,101
"2024-10-28T09:12:00.501Z",601,102
"2024-10-28T09:12:00.501Z",641,103
"2024-10-28T09:12:00.501Z",605,104
"2024-10-28T09:12:00.501Z",611,105
"2024-10-28T09:12:00.501Z",618,106
"2024-10-28T09:12:00.501Z",600,107
"2024-10-28T09:12:00.501Z",575,108
"2024-10-28T09:12:00.501Z",571,109
"2024-10-28T09:12:00.501Z",572,110
"2024-10-28T09:12:00.501Z",579,111
"2024-10-28T09:12:01.496Z",558,112
"2024-10-28T09:12:01.496Z",556,113
"2024-10-28T09:12:01.496Z",530,114
"2024-10-28T09:12:01.496Z",531,115
"2024-10-28T09:12:01.496Z",540,116
"2024-10-28T09:12:01.496Z",550,117
"2024-10-28T09:12:01.496Z",519,118
"2024-10-28T09:12:01.496Z",521,119
"2024-10-28T09:12:01.496Z",543,120
"2024-10-28T09:12:01.496Z",528,121
"2024-10-28T09:12:01.496Z",526,122
"2024-10-28T09:12:01.496Z",501,123
"2024-10-28T09:12:01.496Z",515,124
"2024-10-28T09:12:01.496Z",510,125
"2024-10-28T09:12:01.496Z",516,126
"2024-10-28T09:12:01.496Z",499,127
"2024-10-28T09:12:01.497Z",510,128
"2024-10-28T09:12:01.497Z",504,129
"2024-10-28T09:12:01.497Z",529,130
"2024-10-28T09:12:01.497Z",512,131
"2024-10-28T09:12:01.497Z",523,132
"2024-10-28T09:12:01.497Z",509,133
"2024-10-28T09:12:01.497Z",505,134
"2024-10-28T09:12:01.497Z",507,135
"2024-10-28T09:12:01.497Z",514,136
"2024-10-28T09:12:01.497Z",499,137
"2024-10-28T09:12:01.497Z",504,138
"2024-10-28T09:12:01.497Z",510,139
"2024-10-28T09:12:01.497Z",497,140
"2024-10-28T09:12:01.497Z",514,141
"2024-10-28T09:12:01.497Z",501,142
"2024-10-28T09:12:01.497Z",496,143
"2024-10-28T09:12:01.497Z",518,144
"2024-10-28T09:12:01.497Z",508,145
"2024-10-28T09:12:01.497Z",507,146
"2024-10-28T09:12:01.497Z",497,147
"2024-10-28T09:12:01.497Z",508,148
"2024-10-28T09:12:01.497Z",506,149
"2024-10-28T09:12:01.497Z",522,150
"2024-10-28T09:12:01.497Z",516,151
"2024-10-28T09:12:01.497Z",526,152
"2024-10-28T09:12:01.497Z",516,153
"2024-10-28T09:12:01.497Z",507,154
"2024-10-28T09:12:01.497Z",514,155
"2024-10-28T09:12:01.497Z",497,156
"2024-10-28T09:12:01.497Z",501,157
"2024-10-28T09:12:01.497Z",521,158
"2024-10-28T09:12:01.497Z",519,159
"2024-10-28T09:12:01.497Z",515,160
"2024-10-28T09:12:01.497Z",500,161
"2024-10-28T09:12:01.498Z",483,162
"2024-10-28T09:12:01.498Z",510,163
"2024-10-28T09:12:01.498Z",521,164
"2024-10-28T09:12:01.498Z",499,165
"2024-10-28T09:12:01.498Z",514,166
"2024-10-28T09:12:01.498Z",521,167
"2024-10-28T09:12:01.498Z",503,168
"2024-10-28T09:12:01.498Z",502,169
"2024-10-28T09:12:01.498Z",484,170
"2024-10-28T09:12:01.498Z",496,171
"2024-10-28T09:12:01.498Z",496,172
"2024-10-28T09:12:01.498Z",523,173
"2024-10-28T09:12:01.498Z",504,174
"2024-10-28T09:12:01.498Z",513,175
"2024-10-28T09:12:01.498Z",533,176
"2024-10-28T09:12:01.498Z",522,177
"2024-10-28T09:12:01.498Z",527,178
"2024-10-28T09:12:01.498Z",512,179
"2024-10-28T09:12:01.498Z",520,180
"2024-10-28T09:12:01.498Z",510,181
"2024-10-28T09:12:01.498Z",500,182
"2024-10-28T09:12:01.498Z",517,183
"2024-10-28T09:12:01.498Z",493,184
"2024-10-28T09:12:01.498Z",509,185
"2024-10-28T09:12:01.498Z",500,186
"2024-10-28T09:12:01.498Z",495,187
"2024-10-28T09:12:01.498Z",521,188
"2024-10-28T09:12:01.498Z",544,189
"2024-10-28T09:12:01.498Z",533,190
"2024-10-28T09:12:01.498Z",545,191
"2024-10-28T09:12:01.498Z",555,192
"2024-10-28T09:12:01.498Z",528,193
"2024-10-28T09:12:01.498Z",529,194
"2024-10-28T09:12:01.498Z",549,195
"2024-10-28T09:12:01.498Z",539,196
"2024-10-28T09:12:01.498Z",526,197
"2024-10-28T09:12:01.498Z",520,198
"2024-10-28T09:12:01.498Z",513,199
"2024-10-28T09:12:01.498Z",525,200
"2024-10-28T09:12:01.498Z",519,201
"2024-10-28T09:12:01.498Z",506,202
"2024-10-28T09:12:01.498Z",507,203
"2024-10-28T09:12:01.499Z",508,204
"2024-10-28T09:12:01.499Z",507,205
"2024-10-28T09:12:01.499Z",524,206
"2024-10-28T09:12:01.499Z",513,207
"2024-10-28T09:12:01.499Z",479,208
"2024-10-28T09:12:01.499Z",510,209
"2024-10-28T09:12:01.499Z",507,210
"2024-10-28T09:12:01.499Z",512,211
"2024-10-28T09:12:01.499Z",534,212
"2024-10-28T09:12:01.499Z",512,213
"2024-10-28T09:12:01.499Z",503,214
"2024-10-28T09:12:01.499Z",535,215
"2024-10-28T09:12:01.499Z",505,216
"2024-10-28T09:12:01.499Z",506,217
"2024-10-28T09:12:01.499Z",507,218
"2024-10-28T09:12:01.499Z",515,219
"2024-10-28T09:12:01.499Z",524,220
"2024-10-28T09:12:01.499Z",509,221
"2024-10-28T09:12:01.499Z",512,222
"2024-10-28T09:12:01.499Z",505,223
"2024-10-28T09:12:01.499Z",499,224
"2024-10-28T09:12:01.499Z",505,225
"2024-10-28T09:12:01.499Z",519,226
"2024-10-28T09:12:01.499Z",514,227
"2024-10-28T09:12:01.499Z",517,228
"2024-10-28T09:12:01.499Z",502,229
"2024-10-28T09:12:01.499Z",500,230
"2024-10-28T09:12:01.499Z",521,231
"2024-10-28T09:12:01.499Z",516,232
"2024-10-28T09:12:01.499Z",500,233
"2024-10-28T09:12:01.499Z",528,234
"2024-10-28T09:12:01.499Z",522,235
"2024-10-28T09:12:01.499Z",533,236
"2024-10-28T09:12:01.499Z",519,237
"2024-10-28T09:12:01.499Z",521,238
"2024-10-28T09:12:01.499Z",522,239
"2024-10-28T09:12:01.499Z",543,240
"2024-10-28T09:12:01.499Z",509,241
"2024-10-28T09:12:01.499Z",529,242
"2024-10-28T09:12:01.499Z",524,243
"2024-10-28T09:12:01.499Z",516,244
"2024-10-28T09:12:01.500Z",516,245
"2024-10-28T09:12:01.500Z",519,246
"2024-10-28T09:12:01.500Z",518,247
"2024-10-28T09:12:01.500Z",507,248
"2024-10-28T09:12:01.500Z",518,249
"2024-10-28T09:12:01.500Z",501,250
"2024-10-28T09:12:01.500Z",489,251
"2024-10-28T09:12:01.500Z",507,252
"2024-10-28T09:12:01.500Z",505,253
"2024-10-28T09:12:01.500Z",517,254
"2024-10-28T09:12:01.500Z",514,255
"2024-10-28T09:12:01.500Z",528,
"2024-10-28T09:12:01.500Z",509,1
"2024-10-28T09:12:01.500Z",507,2
"2024-10-28T09:12:01.500Z",517,3
"2024-10-28T09:12:01.500Z",509,4
"2024-10-28T09:12:01.500Z",523,5
"2024-10-28T09:12:01.500Z",499,6
"2024-10-28T09:12:01.500Z",503,7
"2024-10-28T09:12:01.500Z",497,8
"2024-10-28T09:12:01.500Z",513,9
"2024-10-28T09:12:01.500Z",498,10
"2024-10-28T09:12:01.500Z",503,11
"2024-10-28T09:12:01.500Z",519,12
"2024-10-28T09:12:01.500Z",502,13
"2024-10-28T09:12:01.500Z",511,14
"2024-10-28T09:12:01.500Z",501,15
"2024-10-28T09:12:01.501Z",503,16
"2024-10-28T09:12:01.501Z",493,17
"2024-10-28T09:12:01.501Z",497,18
"2024-10-28T09:12:01.501Z",523,19
"2024-10-28T09:12:01.501Z",514,20
"2024-10-28T09:12:01.501Z",493,21
"2024-10-28T09:12:01.501Z",503,22
"2024-10-28T09:12:01.501Z",509,23
"2024-10-28T09:12:01.501Z",523,24
"2024-10-28T09:12:01.501Z",535,25
"2024-10-28T09:12:01.501Z",535,26
"2024-10-28T09:12:01.501Z",516,27
"2024-10-28T09:12:01.501Z",516,28
"2024-10-28T09:12:01.501Z",521,29
"2024-10-28T09:12:01.501Z",509,30
"2024-10-28T09:12:01.501Z",527,31
"2024-10-28T09:12:01.501Z",522,32
"2024-10-28T09:12:01.501Z",512,33
"2024-10-28T09:12:01.501Z",516,34
"2024-10-28T09:12:01.501Z",527,35
"2024-10-28T09:12:01.501Z",510,36
"2024-10-28T09:12:01.501Z",512,37
"2024-10-28T09:12:01.501Z",518,38
"2024-10-28T09:12:01.501Z",518,39
"2024-10-28T09:12:01.501Z",536,40
"2024-10-28T09:12:01.501Z",516,41
"2024-10-28T09:12:01.501Z",497,42
"2024-10-28T09:12:01.501Z",507,43
"2024-10-28T09:12:01.501Z",503,44
"2024-10-28T09:12:01.501Z",514,45
"2024-10-28T09:12:01.501Z",495,46
"2024-10-28T09:12:01.501Z",506,47
"2024-10-28T09:12:01.501Z",493,48
"2024-10-28T09:12:01.501Z",528,49
"2024-10-28T09:12:01.501Z",522,50
"2024-10-28T09:12:01.501Z",508,51
"2024-10-28T09:12:01.501Z",506,52
"2024-10-28T09:12:01.501Z",511,53
"2024-10-28T09:12:01.501Z",523,54
"2024-10-28T09:12:01.501Z",510,55
"2024-10-28T09:12:01.501Z",498,56
"2024-10-28T09:12:01.501Z",508,57
"2024-10-28T09:12:01.501Z",500,58
"2024-10-28T09:12:01.501Z",501,59
"2024-10-28T09:12:01.501Z",518,60
"2024-10-28T09:12:01.501Z",511,61
"2024-10-28T09:12:01.501Z",507,62
"2024-10-28T09:12:01.501Z",509,63
"2024-10-28T09:12:01.501Z",509,64
"2024-10-28T09:12:01.501Z",511,65
"2024-10-28T09:12:01.501Z",500,66
"2024-10-28T09:12:01.501Z",495,67
"2024-10-28T09:12:01.501Z",489,68
"2024-10-28T09:12:01.501Z",517,69
"2024-10-28T09:12:01.501Z",510,70
"2024-10-28T09:12:01.501Z",503,71
"2024-10-28T09:12:01.502Z",501,72
"2024-10-28T09:12:01.502Z",491,73
"2024-10-28T09:12:01.502Z",526,74
"2024-10-28T09:12:01.502Z",521,75
"2024-10-28T09:12:01.502Z",509,76
"2024-10-28T09:12:01.502Z",514,77
"2024-10-28T09:12:01.502Z",534,78
"2024-10-28T09:12:01.502Z",511,79
"2024-10-28T09:12:01.502Z",514,80
"2024-10-28T09:12:01.502Z",517,81
"2024-10-28T09:12:01.502Z",516,82
"2024-10-28T09:12:01.502Z",533,83
"2024-10-28T09:12:01.502Z",545,84
"2024-10-28T09:12:01.502Z",514,85
"2024-10-28T09:12:01.502Z",529,86
"2024-10-28T09:12:01.502Z",529,87
"2024-10-28T09:12:01.502Z",511,88
"2024-10-28T09:12:01.502Z",513,89
"2024-10-28T09:12:01.502Z",499,90
"2024-10-28T09:12:01.502Z",502,91
"2024-10-28T09:12:01.502Z",496,92
"2024-10-28T09:12:01.502Z",506,93
"2024-10-28T09:12:01.502Z",515,94
"2024-10-28T09:12:01.502Z",488,95
"2024-10-28T09:12:01.502Z",523,96
"2024-10-28T09:12:01.502Z",509,97
"2024-10-28T09:12:01.502Z",517,98
"2024-10-28T09:12:01.502Z",513,99
"2024-10-28T09:12:01.502Z",497,100
"2024-10-28T09:12:01.502Z",496,101
"2024-10-28T09:12:01.502Z",516,102
"2024-10-28T09:12:01.502Z",493,103
"2024-10-28T09:12:01.502Z",528,104
"2024-10-28T09:12:02.496Z",520,105
"2024-10-28T09:12:02.496Z",517,106
"2024-10-28T09:12:02.496Z",524,107
"2024-10-28T09:12:02.496Z",511,108
"2024-10-28T09:12:02.496Z",523,109
"2024-10-28T09:12:02.496Z",492,110
"2024-10-28T09:12:02.496Z",520,111
"2024-10-28T09:12:02.496Z",488,112
"2024-10-28T09:12:02.496Z",504,113
"2024-10-28T09:12:02.496Z",480,114
"2024-10-28T09:12:02.496Z",506,115
"2024-10-28T09:12:02.496Z",512,116
"2024-10-28T09:12:02.496Z",513,117
"2024-10-28T09:12:02.496Z",505,118
"2024-10-28T09:12:02.496Z",532,119
"2024-10-28T09:12:02.496Z",537,120
"2024-10-28T09:12:02.496Z",519,121
"2024-10-28T09:12:02.496Z",525,122
"2024-10-28T09:12:02.496Z",516,123
"2024-10-28T09:12:02.496Z",512,124
"2024-10-28T09:12:02.496Z",499,125
"2024-10-28T09:12:02.496Z",522,126
"2024-10-28T09:12:02.496Z",519,127
"2024-10-28T09:12:02.497Z",534,128
"2024-10-28T09:12:02.497Z",545,129
"2024-10-28T09:12:02.497Z",525,130
"2024-10-28T09:12:02.497Z",514,131
"2024-10-28T09:12:02.497Z",518,132
"2024-10-28T09:12:02.497Z",519,133
"2024-10-28T09:12:02.497Z",506,134
"2024-10-28T09:12:02.497Z",525,135
"2024-10-28T09:12:02.497Z",525,136
"2024-10-28T09:12:02.497Z",475,137
"2024-10-28T09:12:02.497Z",471,138
"2024-10-28T09:12:02.497Z",478,139
"2024-10-28T09:12:02.497Z",457,140
"2024-10-28T09:12:02.497Z",448,141
"2024-10-28T09:12:02.497Z",431,142
"2024-10-28T09:12:02.497Z",388,143
"2024-10-28T09:12:02.497Z",408,144
"2024-10-28T09:12:02.497Z",416,145
"2024-10-28T09:12:02.497Z",384,146
"2024-10-28T09:12:02.497Z",376,147
"2024-10-28T09:12:02.497Z",367,148
"2024-10-28T09:12:02.497Z",379,149
"2024-10-28T09:12:02.497Z",367,150
"2024-10-28T09:12:02.497Z",359,151
"2024-10-28T09:12:02.497Z",348,152
"2024-10-28T09:12:02.497Z",345,153
"2024-10-28T09:12:02.497Z",379,154
"2024-10-28T09:12:02.497Z",359,155
"2024-10-28T09:12:02.497Z",357,156
"2024-10-28T09:12:02.497Z",360,157
"2024-10-28T09:12:02.497Z",366,158
"2024-10-28T09:12:02.497Z",354,159
"2024-10-28T09:12:02.497Z",364,160
"2024-10-28T09:12:02.497Z",369,161
"2024-10-28T09:12:02.498Z",347,162
"2024-10-28T09:12:02.498Z",371,163
"2024-10-28T09:12:02.498Z",368,164
"2024-10-28T09:12:02.498Z",356,165
"2024-10-28T09:12:02.498Z",353,166
"2024-10-28T09:12:02.498Z",368,167
"2024-10-28T09:12:02.498Z",358,168
"2024-10-28T09:12:02.498Z",373,169
"2024-10-28T09:12:02.498Z",367,170
"2024-10-28T09:12:02.498Z",371,171
"2024-10-28T09:12:02.498Z",359,172
"2024-10-28T09:12:02.498Z",376,173
"2024-10-28T09:12:02.498Z",381,174
"2024-10-28T09:12:02.498Z",384,175
"2024-10-28T09:12:02.498Z",385,176
"2024-10-28T09:12:02.498Z",376,177
"2024-10-28T09:12:02.498Z",370,178
"2024-10-28T09:12:02.498Z",379,179
"2024-10-28T09:12:02.498Z",378,180
"2024-10-28T09:12:02.498Z",382,181
"2024-10-28T09:12:02.498Z",383,182
"2024-10-28T09:12:02.498Z",389,183
"2024-10-28T09:12:02.498Z",407,184
"2024-10-28T09:12:02.498Z",400,185
"2024-10-28T09:12:02.498Z",409,186
"2024-10-28T09:12:02.498Z",421,187
"2024-10-28T09:12:02.498Z",420,188
"2024-10-28T09:12:02.498Z",417,189
"2024-10-28T09:12:02.498Z",425,190
"2024-10-28T09:12:02.498Z",442,191
"2024-10-28T09:12:02.498Z",434,192
"2024-10-28T09:12:02.498Z",420,193
"2024-10-28T09:12:02.498Z",451,194
"2024-10-28T09:12:02.498Z",408,195
"2024-10-28T09:12:02.498Z",437,196
"2024-10-28T09:12:02.498Z",441,197
"2024-10-28T09:12:02.498Z",438,198
"2024-10-28T09:12:02.498Z",450,199
"2024-10-28T09:12:02.498Z",417,200
"2024-10-28T09:12:02.499Z",449,201
"2024-10-28T09:12:02.499Z",450,202
"2024-10-28T09:12:02.499Z",430,203
"2024-10-28T09:12:02.499Z",467,204
"2024-10-28T09:12:02.499Z",441,205
"2024-10-28T09:12:02.499Z",472,206
"2024-10-28T09:12:02.499Z",469,207
"2024-10-28T09:12:02.499Z",468,208
"2024-10-28T09:12:02.499Z",468,209
"2024-10-28T09:12:02.499Z",458,210
"2024-10-28T09:12:02.499Z",475,211
"2024-10-28T09:12:02.499Z",457,212
"2024-10-28T09:12:02.499Z",478,213
"2024-10-28T09:12:02.499Z",483,214
"2024-10-28T09:12:02.499Z",490,215
"2024-10-28T09:12:02.499Z",489,216
"2024-10-28T09:12:02.499Z",465,217
"2024-10-28T09:12:02.499Z",467,218
"2024-10-28T09:12:02.499Z",467,219
"2024-10-28T09:12:02.499Z",485,220
"2024-10-28T09:12:02.499Z",472,221
"2024-10-28T09:12:02.499Z",465,222
"2024-10-28T09:12:02.499Z",490,223
"2024-10-28T09:12:02.499Z",485,224
"2024-10-28T09:12:02.499Z",504,225
"2024-10-28T09:12:02.499Z",486,226
"2024-10-28T09:12:02.499Z",487,227
"2024-10-28T09:12:02.499Z",512,228
"2024-10-28T09:12:02.499Z",524,229
"2024-10-28T09:12:02.499Z",504,230
"2024-10-28T09:12:02.499Z",512,231
"2024-10-28T09:12:02.499Z",534,232
"2024-10-28T09:12:02.499Z",529,233
"2024-10-28T09:12:02.499Z",522,234
"2024-10-28T09:12:02.499Z",539,235
"2024-10-28T09:12:02.499Z",520,236
"2024-10-28T09:12:02.499Z",513,237
"2024-10-28T09:12:02.499Z",520,238
"2024-10-28T09:12:02.499Z",515,239
"2024-10-28T09:12:02.499Z",510,240
"2024-10-28T09:12:02.499Z",506,241
"2024-10-28T09:12:02.499Z",511,242
"2024-10-28T09:12:02.500Z",514,243
"2024-10-28T09:12:02.500Z",546,244
"2024-10-28T09:12:02.500Z",514,245
"2024-10-28T09:12:02.500Z",503,246
"2024-10-28T09:12:02.500Z",502,247
"2024-10-28T09:12:02.500Z",526,248
"2024-10-28T09:12:02.500Z",511,249
"2024-10-28T09:12:02.500Z",534,250
"2024-10-28T09:12:02.500Z",535,251
"2024-10-28T09:12:02.500Z",527,252
"2024-10-28T09:12:02.500Z",524,253
"2024-10-28T09:12:02.500Z",511,254
"2024-10-28T09:12:02.500Z",508,255
"2024-10-28T09:12:02.500Z",516,
"2024-10-28T09:12:02.500Z",504,1
"2024-10-28T09:12:02.500Z",522,2
"2024-10-28T09:12:02.500Z",510,3
"2024-10-28T09:12:02.500Z",508,4
"2024-10-28T09:12:02.500Z",532,5
"2024-10-28T09:12:02.500Z",516,6
"2024-10-28T09:12:02.500Z",488,7
"2024-10-28T09:12:02.500Z",525,8
"2024-10-28T09:12:02.500Z",518,9
"2024-10-28T09:12:02.500Z",508,10
"2024-10-28T09:12:02.500Z",526,11
"2024-10-28T09:12:02.500Z",515,12
"2024-10-28T09:12:02.500Z",512,13
"2024-10-28T09:12:02.500Z",524,14
"2024-10-28T09:12:02.500Z",523,15
"2024-10-28T09:12:02.500Z",535,16
"2024-10-28T09:12:02.500Z",510,17
"2024-10-28T09:12:02.500Z",507,18
"2024-10-28T09:12:02.500Z",509,19
"2024-10-28T09:12:02.500Z",519,20
"2024-10-28T09:12:02.500Z",518,21
"2024-10-28T09:12:02.500Z",505,22
"2024-10-28T09:12:02.500Z",523,23
"2024-10-28T09:12:02.500Z",532,24
"2024-10-28T09:12:02.500Z",520,25
"2024-10-28T09:12:02.500Z",518,26
"2024-10-28T09:12:02.500Z",528,27
"2024-10-28T09:12:02.500Z",519,28
"2024-10-28T09:12:02.500Z",522,29
"2024-10-28T09:12:02.501Z",520,30
"2024-10-28T09:12:02.501Z",460,31
"2024-10-28T09:12:02.501Z",445,32
"2024-10-28T09:12:02.501Z",609,33
"2024-10-28T09:12:02.501Z",602,34
"2024-10-28T09:12:02.501Z",622,35
"2024-10-28T09:12:02.501Z",661,36
"2024-10-28T09:12:02.501Z",700,37
"2024-10-28T09:12:02.501Z",714,38
"2024-10-28T09:12:02.501Z",758,39
"2024-10-28T09:12:02.501Z",782,40
"2024-10-28T09:12:02.501Z",819,41
"2024-10-28T09:12:02.501Z",819,42
"2024-10-28T09:12:02.501Z",832,43
"2024-10-28T09:12:02.501Z",877,44
"2024-10-28T09:12:02.501Z",855,45
"2024-10-28T09:12:02.501Z",879,46
"2024-10-28T09:12:02.501Z",893,47
"2024-10-28T09:12:02.501Z",877,48
"2024-10-28T09:12:02.501Z",880,49
"2024-10-28T09:12:02.501Z",883,50
"2024-10-28T09:12:02.501Z",853,51
"2024-10-28T09:12:02.501Z",829,52
"2024-10-28T09:12:02.501Z",793,53
"2024-10-28T09:12:02.501Z",765,54
"2024-10-28T09:12:02.501Z",747,55
"2024-10-28T09:12:02.501Z",718,56
"2024-10-28T09:12:02.501Z",687,57
"2024-10-28T09:12:02.501Z",681,58
"2024-10-28T09:12:02.501Z",645,59
"2024-10-28T09:12:02.501Z",628,60
"2024-10-28T09:12:02.501Z",603,61
"2024-10-28T09:12:02.501Z",595,62
"2024-10-28T09:12:02.501Z",607,63
"2024-10-28T09:12:02.501Z",588,64
"2024-10-28T09:12:02.501Z",571,65
"2024-10-28T09:12:02.501Z",580,66
"2024-10-28T09:12:02.501Z",559,67
"2024-10-28T09:12:02.501Z",564,68
"2024-10-28T09:12:02.501Z",564,69
"2024-10-28T09:12:02.501Z",557,70
"2024-10-28T09:12:02.501Z",542,71
"2024-10-28T09:12:02.501Z",543,72
"2024-10-28T09:12:02.501Z",543,73
"2024-10-28T09:12:02.501Z",557,74
"2024-10-28T09:12:02.502Z",551,75
"2024-10-28T09:12:02.502Z",532,76
"2024-10-28T09:12:02.502Z",544,77
"2024-10-28T09:12:02.502Z",523,78
"2024-10-28T09:12:02.502Z",519,79
"2024-10-28T09:12:02.502Z",529,80
"2024-10-28T09:12:02.502Z",504,81
"2024-10-28T09:12:02.502Z",494,82
"2024-10-28T09:12:02.502Z",517,83
"2024-10-28T09:12:02.502Z",502,84
"2024-10-28T09:12:02.502Z",524,85
"2024-10-28T09:12:02.502Z",514,86
"2024-10-28T09:12:02.502Z",507,87
"2024-10-28T09:12:02.502Z",498,88
"2024-10-28T09:12:02.502Z",508,89
"2024-10-28T09:12:02.502Z",526,90
"2024-10-28T09:12:02.502Z",511,91
"2024-10-28T09:12:02.502Z",524,92
"2024-10-28T09:12:02.502Z",499,93
"2024-10-28T09:12:02.502Z",487,94
"2024-10-28T09:12:02.502Z",484,95
"2024-10-28T09:12:02.502Z",479,96
"2024-10-28T09:12:02.502Z",484,97
"2024-10-28T09:12:02.502Z",512,98
"2024-10-28T09:12:03.495Z",493,99
"2024-10-28T09:12:03.495Z",505,100
"2024-10-28T09:12:03.495Z",509,101
"2024-10-28T09:12:03.495Z",498,102
"2024-10-28T09:12:03.495Z",503,103
"2024-10-28T09:12:03.495Z",510,104
"2024-10-28T09:12:03.495Z",499,105
"2024-10-28T09:12:03.495Z",483,106
"2024-10-28T09:12:03.495Z",498,107
"2024-10-28T09:12:03.495Z",525,108
"2024-10-28T09:12:03.495Z",513,109
"2024-10-28T09:12:03.495Z",508,110
"2024-10-28T09:12:03.495Z",510,111
"2024-10-28T09:12:03.495Z",506,112
"2024-10-28T09:12:03.495Z",521,113
"2024-10-28T09:12:03.495Z",531,114
"2024-10-28T09:12:03.495Z",509,115
"2024-10-28T09:12:03.495Z",528,116
"2024-10-28T09:12:03.495Z",509,117
"2024-10-28T09:12:03.495Z",522,118
"2024-10-28T09:12:03.495Z",510,119
"2024-10-28T09:12:03.495Z",494,120
"2024-10-28T09:12:03.495Z",514,121
"2024-10-28T09:12:03.495Z",513,122
"2024-10-28T09:12:03.495Z",520,123
"2024-10-28T09:12:03.495Z",527,124
"2024-10-28T09:12:03.495Z",523,125
"2024-10-28T09:12:03.495Z",521,126
"2024-10-28T09:12:03.496Z",514,127
"2024-10-28T09:12:03.496Z",519,128
"2024-10-28T09:12:03.496Z",499,129
"2024-10-28T09:12:03.496Z",511,130
"2024-10-28T09:12:03.496Z",497,131
"2024-10-28T09:12:03.496Z",517,132
"2024-10-28T09:12:03.496Z",489,133
"2024-10-28T09:12:03.496Z",503,134
"2024-10-28T09:12:03.496Z",499,135
"2024-10-28T09:12:03.496Z",495,136
"2024-10-28T09:12:03.496Z",501,137
"2024-10-28T09:12:03.496Z",507,138
"2024-10-28T09:12:03.496Z",493,139
"2024-10-28T09:12:03.496Z",502,140
"2024-10-28T09:12:03.496Z",495,141
"2024-10-28T09:12:03.496Z",499,142
"2024-10-28T09:12:03.496Z",517,143
"2024-10-28T09:12:03.496Z",511,144
"2024-10-28T09:12:03.496Z",514,145
"2024-10-28T09:12:03.496Z",493,146
"2024-10-28T09:12:03.496Z",504,147
"2024-10-28T09:12:03.496Z",511,148
"2024-10-28T09:12:03.496Z",529,149
"2024-10-28T09:12:03.496Z",512,150
"2024-10-28T09:12:03.496Z",510,151
"2024-10-28T09:12:03.496Z",504,152
"2024-10-28T09:12:03.496Z",507,153
"2024-10-28T09:12:03.496Z",513,154
"2024-10-28T09:12:03.496Z",523,155
"2024-10-28T09:12:03.496Z",509,156
"2024-10-28T09:12:03.496Z",523,157
"2024-10-28T09:12:03.496Z",518,158
"2024-10-28T09:12:03.496Z",539,159
"2024-10-28T09:12:03.497Z",535,160
"2024-10-28T09:12:03.497Z",527,161
"2024-10-28T09:12:03.497Z",535,162
"2024-10-28T09:12:03.497Z",521,163
"2024-10-28T09:12:03.497Z",546,164
"2024-10-28T09:12:03.497Z",544,165
"2024-10-28T09:12:03.497Z",519,166
"2024-10-28T09:12:03.497Z",529,167
"2024-10-28T09:12:03.497Z",499,168
"2024-10-28T09:12:03.497Z",533,169
"2024-10-28T09:12:03.497Z",509,170
"2024-10-28T09:12:03.497Z",514,171
"2024-10-28T09:12:03.497Z",510,172
"2024-10-28T09:12:03.497Z",494,173
"2024-10-28T09:12:03.497Z",510,174
"2024-10-28T09:12:03.497Z",478,175
"2024-10-28T09:12:03.497Z",520,176
"2024-10-28T09:12:03.497Z",510,177
"2024-10-28T09:12:03.497Z",499,178
"2024-10-28T09:12:03.497Z",505,179
"2024-10-28T09:12:03.497Z",478,180
"2024-10-28T09:12:03.497Z",549,181
"2024-10-28T09:12:03.497Z",575,182
"2024-10-28T09:12:03.497Z",585,183
"2024-10-28T09:12:03.497Z",609,184
"2024-10-28T09:12:03.497Z",619,185
"2024-10-28T09:12:03.497Z",635,186
"2024-10-28T09:12:03.497Z",654,187
"2024-10-28T09:12:03.497Z",676,188
"2024-10-28T09:12:03.497Z",679,189
"2024-10-28T09:12:03.497Z",682,190
"2024-10-28T09:12:03.497Z",697,191
"2024-10-28T09:12:03.497Z",673,192
"2024-10-28T09:12:03.497Z",669,193
"2024-10-28T09:12:03.497Z",651,194
"2024-10-28T09:12:03.497Z",645,195
"2024-10-28T09:12:03.497Z",617,196
"2024-10-28T09:12:03.497Z",610,197
"2024-10-28T09:12:03.497Z",610,198
"2024-10-28T09:12:03.497Z",592,199
"2024-10-28T09:12:03.498Z",590,200
"2024-10-28T09:12:03.498Z",577,201
"2024-10-28T09:12:03.498Z",566,202
"2024-10-28T09:12:03.498Z",582,203
"2024-10-28T09:12:03.498Z",544,204
"2024-10-28T09:12:03.498Z",544,205
"2024-10-28T09:12:03.498Z",549,206
"2024-10-28T09:12:03.498Z",547,207
"2024-10-28T09:12:03.498Z",533,208
"2024-10-28T09:12:03.498Z",543,209
"2024-10-28T09:12:03.498Z",535,210
"2024-10-28T09:12:03.498Z",525,211
"2024-10-28T09:12:03.498Z",524,212
"2024-10-28T09:12:03.498Z",522,213
"2024-10-28T09:12:03.498Z",523,214
"2024-10-28T09:12:03.498Z",537,215
"2024-10-28T09:12:03.498Z",519,216
"2024-10-28T09:12:03.498Z",514,217
"2024-10-28T09:12:03.498Z",532,218
"2024-10-28T09:12:03.498Z",513,219
"2024-10-28T09:12:03.498Z",511,220
"2024-10-28T09:12:03.498Z",517,221
"2024-10-28T09:12:03.498Z",516,222
"2024-10-28T09:12:03.498Z",514,223
"2024-10-28T09:12:03.498Z",527,224
"2024-10-28T09:12:03.498Z",524,225
"2024-10-28T09:12:03.498Z",495,226
"2024-10-28T09:12:03.498Z",514,227
"2024-10-28T09:12:03.498Z",526,228
"2024-10-28T09:12:03.498Z",516,229
"2024-10-28T09:12:03.498Z",516,230
"2024-10-28T09:12:03.498Z",514,231
"2024-10-28T09:12:03.498Z",506,232
"2024-10-28T09:12:03.498Z",528,233
"2024-10-28T09:12:03.498Z",519,234
"2024-10-28T09:12:03.498Z",517,235
"2024-10-28T09:12:03.498Z",527,236
"2024-10-28T09:12:03.498Z",525,237
"2024-10-28T09:12:03.498Z",522,238
"2024-10-28T09:12:03.498Z",517,239
"2024-10-28T09:12:03.498Z",492,240
"2024-10-28T09:12:03.498Z",513,241
"2024-10-28T09:12:03.498Z",500,242
"2024-10-28T09:12:03.498Z",506,243
"2024-10-28T09:12:03.499Z",527,244
"2024-10-28T09:12:03.499Z",493,245
"2024-10-28T09:12:03.499Z",458,246
"2024-10-28T09:12:03.499Z",450,247
"2024-10-28T09:12:03.499Z",435,248
"2024-10-28T09:12:03.499Z",421,249
"2024-10-28T09:12:03.499Z",389,250
"2024-10-28T09:12:03.499Z",391,251
"2024-10-28T09:12:03.499Z",394,252
"2024-10-28T09:12:03.499Z",388,253
"2024-10-28T09:12:03.499Z",408,254
"2024-10-28T09:12:03.499Z",406,255
"2024-10-28T09:12:03.499Z",411,
"2024-10-28T09:12:03.499Z",448,1
"2024-10-28T09:12:03.499Z",444,2
"2024-10-28T09:12:03.499Z",454,3
"2024-10-28T09:12:03.499Z",468,4
"2024-10-28T09:12:03.499Z",443,5
"2024-10-28T09:12:03.499Z",471,6
"2024-10-28T09:12:03.499Z",467,7
"2024-10-28T09:12:03.499Z",478,8
"2024-10-28T09:12:03.499Z",483,9
"2024-10-28T09:12:03.499Z",462,10
"2024-10-28T09:12:03.499Z",475,11
"2024-10-28T09:12:03.499Z",475,12
"2024-10-28T09:12:03.499Z",504,13
"2024-10-28T09:12:03.499Z",491,14
"2024-10-28T09:12:03.499Z",490,15
"2024-10-28T09:12:03.499Z",498,16
"2024-10-28T09:12:03.499Z",509,17
"2024-10-28T09:12:03.499Z",508,18
"2024-10-28T09:12:03.499Z",515,19
"2024-10-28T09:12:03.499Z",503,20
"2024-10-28T09:12:03.499Z",502,21
"2024-10-28T09:12:03.499Z",521,22
"2024-10-28T09:12:03.499Z",489,23
"2024-10-28T09:12:03.499Z",501,24
"2024-10-28T09:12:03.499Z",524,25
"2024-10-28T09:12:03.499Z",513,26
"2024-10-28T09:12:03.499Z",514,27
"2024-10-28T09:12:03.499Z",516,28
"2024-10-28T09:12:03.499Z",493,29
"2024-10-28T09:12:03.499Z",510,30
"2024-10-28T09:12:03.499Z",507,31
"2024-10-28T09:12:03.499Z",526,32
"2024-10-28T09:12:03.499Z",507,33
"2024-10-28T09:12:03.500Z",490,34
"2024-10-28T09:12:03.500Z",501,35
"2024-10-28T09:12:03.500Z",501,36
"2024-10-28T09:12:03.500Z",511,37
"2024-10-28T09:12:03.500Z",491,38
"2024-10-28T09:12:03.500Z",502,39
"2024-10-28T09:12:03.500Z",493,40
"2024-10-28T09:12:03.500Z",473,41
"2024-10-28T09:12:03.500Z",488,42
"2024-10-28T09:12:03.500Z",488,43
"2024-10-28T09:12:03.500Z",492,44
"2024-10-28T09:12:03.500Z",476,45
"2024-10-28T09:12:03.500Z",478,46
"2024-10-28T09:12:03.500Z",497,47
"2024-10-28T09:12:03.500Z",526,48
"2024-10-28T09:12:03.500Z",504,49
"2024-10-28T09:12:03.500Z",493,50
"2024-10-28T09:12:03.500Z",501,51
"2024-10-28T09:12:03.500Z",503,52
"2024-10-28T09:12:03.500Z",525,53
"2024-10-28T09:12:03.500Z",508,54
"2024-10-28T09:12:03.500Z",489,55
"2024-10-28T09:12:03.500Z",529,56
"2024-10-28T09:12:03.500Z",516,57
"2024-10-28T09:12:03.500Z",528,58
"2024-10-28T09:12:03.500Z",523,59
"2024-10-28T09:12:03.500Z",505,60
"2024-10-28T09:12:03.500Z",513,61
"2024-10-28T09:12:03.500Z",529,62
"2024-10-28T09:12:03.500Z",526,63
"2024-10-28T09:12:03.500Z",521,64
"2024-10-28T09:12:03.500Z",511,65
"2024-10-28T09:12:03.500Z",513,66
"2024-10-28T09:12:03.500Z",513,67
"2024-10-28T09:12:03.500Z",512,68
"2024-10-28T09:12:03.500Z",529,69
"2024-10-28T09:12:03.500Z",509,70
"2024-10-28T09:12:03.500Z",509,71
"2024-10-28T09:12:03.500Z",516,72
"2024-10-28T09:12:03.500Z",517,73
"2024-10-28T09:12:03.500Z",504,74
"2024-10-28T09:12:03.500Z",509,75
"2024-10-28T09:12:03.500Z",513,76
"2024-10-28T09:12:03.500Z",524,77
"2024-10-28T09:12:03.501Z",529,78
"2024-10-28T09:12:03.501Z",513,79
"2024-10-28T09:12:03.501Z",509,80
"2024-10-28T09:12:03.501Z",527,81
"2024-10-28T09:12:03.501Z",494,82
"2024-10-28T09:12:03.501Z",533,83
"2024-10-28T09:12:03.501Z",486,84
"2024-10-28T09:12:03.501Z",504,85
"2024-10-28T09:12:03.501Z",549,86
"2024-10-28T09:12:03.501Z",552,87
"2024-10-28T09:12:03.501Z",531,88
"2024-10-28T09:12:03.501Z",523,89
"2024-10-28T09:12:03.501Z",502,90
"2024-10-28T09:12:03.501Z",535,91